Date,Date2,Reserve balances,Weekly amounts outstanding of Central Bank short-term open market operations (fine-tuning) (in sterling millions) not seasonally adjusted                           RPWB58A,Weekly amounts outstanding of Central Bank sterling short-term market operations with Bank of England counterparties (one-week) (in sterling millions) not seasonally adjusted                           RPWB9R8,Weekly amounts outstanding of Central Bank short-term open market operations (other maturity within-maintenance period sterling) (in sterling millions) not seasonally adjusted                           RPWBV79,Notes,Weekly amounts outstanding of Central Bank fine-tuning reverse repos with Bank of England counterparties (in sterling millions) not seasonally adjusted                           RPWB68A,Weekly amounts outstanding of Central Bank one-week reverse repos with Bank of England counterparties (in sterling millions) not seasonally adjusted                           RPWB67A,Weekly amounts outstanding of Central Bank sterling other maturity within-maintenance period reverse repos Bank of England counterparties (in sterling millions) not seasonally adjusted                           RPWBL59,Weekly amounts outstanding of Central Bank sterling indexed long-term repos with Bank of England counterparties (in sterling millions) not seasonally adjusted                           RPWZ4TJ,Weekly amounts outstanding of Central Bank sterling contingent term repo facility with Bank of England counterparties (in sterling millions) not seasonally adjusted                           RPWZ4TK,Weekly amounts outstanding of Central Bank sterling denominated bond holdings total (in sterling millions) not seasonally adjusted                           RPWZ4TL,Weekly amounts outstanding of Central Bank sterling loan to Asset Purchase Facility total (in sterling millions) not seasonally adjusted                           RPWZ4TM,Accounting value of the aggregate drawings from the Term Funding Scheme on the Bank of England balance sheet (in sterling millions) financed by the creation of central bank reserves              [b]             RPWZO8Q,Accounting value of the aggregate drawings from the Term Funding Scheme with additional incentives for SMEs (TFSME) (in sterling millions) financed by the creation of central bank reserves                           RPWZOQ4,Weekly amounts outstanding of Central Bank sterling loan to Covid Corporate Financing Facility total (in sterling millions) not seasonally adjusted                           RPWZOQ3,Weekly amounts outstanding of Central Bank foreign currency public securities issued total (in sterling millions) not seasonally adjusted                           RPWB59A,Weekly amounts outstanding of Central Bank all foreign currency reserve assets total (in sterling millions) not seasonally adjusted                           RPWZ4TN,Series
17-Mar-21,2021-03-17,803668,0,0,0,85227,0,0,0,4018,0,14930,785264,37191,76542,9241,4362,4789,Weekly amounts outstanding of Central Bank sterling reserve balance liabilities (in sterling millions) not seasonally adjusted                           RPWB56A
10-Mar-21,2021-03-10,800148,0,0,0,84948,0,0,0,4018,0,14785,780824,37771,76217,10104,4356,4783,Weekly amounts outstanding of Central Bank short-term open market operations (fine-tuning) (in sterling millions) not seasonally adjusted                           RPWB58A
03-Mar-21,2021-03-03,800586,0,0,0,84749,0,0,0,4613,0,14785,776384,38272,75947,11524,5774,5401,Weekly amounts outstanding of Central Bank sterling short-term market operations with Bank of England counterparties (one-week) (in sterling millions) not seasonally adjusted                           RPWB9R8
24-Feb-21,2021-02-24,796625,0,0,0,84446,0,0,0,4613,0,14702,771944,39558,75367,11773,4316,4314,Weekly amounts outstanding of Central Bank short-term open market operations (other maturity within-maintenance period sterling) (in sterling millions) not seasonally adjusted                           RPWBV79
17-Feb-21,2021-02-17,794321,0,0,0,84387,0,0,0,4603,0,14592,770096,46364,70107,11534,4414,4413,Weekly amounts outstanding of Central Bank sterling notes in circulation total (in sterling millions) not seasonally adjusted              [a]             RPWB55A
10-Feb-21,2021-02-10,790165,0,0,0,84220,0,0,0,4603,0,14518,767137,46449,69867,12231,4414,4413,Weekly amounts outstanding of Central Bank fine-tuning reverse repos with Bank of England counterparties (in sterling millions) not seasonally adjusted                           RPWB68A
03-Feb-21,2021-02-03,787616,0,0,0,84258,0,0,0,4793,0,14473,765657,46644,69867,12530,4476,4475,Weekly amounts outstanding of Central Bank one-week reverse repos with Bank of England counterparties (in sterling millions) not seasonally adjusted                           RPWB67A
27-Jan-21,2021-01-27,778484,0,0,0,84120,0,0,0,4788,0,14393,761217,46791,66617,12058,4458,4457,Weekly amounts outstanding of Central Bank sterling other maturity within-maintenance period reverse repos Bank of England counterparties (in sterling millions) not seasonally adjusted                           RPWBL59
20-Jan-21,2021-01-20,762656,0,0,0,84100,0,0,0,4788,0,14303,756777,46975,63996,12281,4478,4476,Weekly amounts outstanding of Central Bank sterling indexed long-term repos with Bank of England counterparties (in sterling millions) not seasonally adjusted                           RPWZ4TJ
13-Jan-21,2021-01-13,775003,0,0,0,84408,0,0,0,4788,0,14252,752337,47410,68561,12182,4482,4480,Weekly amounts outstanding of Central Bank sterling contingent term repo facility with Bank of England counterparties (in sterling millions) not seasonally adjusted                           RPWZ4TK
06-Jan-21,2021-01-06,770506,0,0,0,85086,0,0,0,4698,0,14182,747897,50060,68246,12212,4498,4496,Weekly amounts outstanding of Central Bank sterling denominated bond holdings total (in sterling millions) not seasonally adjusted                           RPWZ4TL
30-Dec-20,2020-12-30,767807,0,0,0,85394,0,0,0,4698,0,14179,744937,50110,68243,12162,4489,4487,Weekly amounts outstanding of Central Bank sterling loan to Asset Purchase Facility total (in sterling millions) not seasonally adjusted                           RPWZ4TM
23-Dec-20,2020-12-23,770976,0,0,0,85246,0,0,0,4698,0,14175,744937,50405,68222,12237,4516,4513,Accounting value of the aggregate drawings from the Term Funding Scheme on the Bank of England balance sheet (in sterling millions) financed by the creation of central bank reserves              [b]             RPWZO8Q
16-Dec-20,2020-12-16,772815,0,0,0,84306,0,0,0,4688,0,14153,743880,51197,67277,13408,4526,4524,Accounting value of the aggregate drawings from the Term Funding Scheme with additional incentives for SMEs (TFSME) (in sterling millions) financed by the creation of central bank reserves                           RPWZOQ4
09-Dec-20,2020-12-09,767734,0,0,0,83783,0,0,0,4683,0,14079,739461,57520,57597,14887,4556,4555,Weekly amounts outstanding of Central Bank sterling loan to Covid Corporate Financing Facility total (in sterling millions) not seasonally adjusted                           RPWZOQ3
02-Dec-20,2020-12-02,769745,0,0,0,83163,0,0,0,5873,0,14097,735042,60389,56166,15142,4580,4578,Weekly amounts outstanding of Central Bank foreign currency public securities issued total (in sterling millions) not seasonally adjusted                           RPWB59A
25-Nov-20,2020-11-25,770091,0,0,0,82708,0,0,0,5860,0,14076,730624,67312,50812,15131,4562,4561,Weekly amounts outstanding of Central Bank all foreign currency reserve assets total (in sterling millions) not seasonally adjusted                           RPWZ4TN
18-Nov-20,2020-11-18,768196,0,0,0,82540,0,0,0,5860,0,14040,726205,69756,50251,15360,4590,4589,
11-Nov-20,2020-11-11,766661,0,0,0,82551,0,0,0,5860,0,13947,721786,70256,49654,15236,4621,4620,
04-Nov-20,2020-11-04,761947,0,0,0,82450,0,0,0,5910,0,13915,718840,70566,49645,15321,4702,4700,
28-Oct-20,2020-10-28,754166,0,0,0,82304,0,0,0,5905,0,13879,717367,70691,48528,15291,4695,4693,
21-Oct-20,2020-10-21,747633,0,0,0,82130,0,0,0,5905,0,13862,714421,70835,46006,15236,4640,4639,
14-Oct-20,2020-10-14,745080,0,0,0,82019,0,0,0,5905,0,13804,712948,71235,45716,15849,4682,4681,
07-Oct-20,2020-10-07,740507,0,0,0,82108,0,0,0,9880,0,13736,710002,72485,45159,15849,4733,4732,
30-Sep-20,2020-09-30,731618,0,0,0,82060,0,0,0,9855,0,13680,708247,72485,45148,15724,4723,4720,
23-Sep-20,2020-09-23,722703,0,0,0,81793,0,0,0,9750,0,13667,703269,75585,35223,16423,4784,4782,
16-Sep-20,2020-09-16,720704,0,0,0,81720,0,0,0,9675,0,13646,697143,75935,34724,16991,4695,4692,
09-Sep-20,2020-09-09,720979,0,0,0,81695,0,0,0,9660,0,13643,693581,80935,34326,17678,4698,4694,
02-Sep-20,2020-09-02,732945,0,0,0,81664,0,0,0,25959,0,13956,687555,80935,33606,17433,4612,4609,
26-Aug-20,2020-08-26,735560,0,0,0,81348,0,0,0,25634,0,13974,684467,80945,29823,17532,4647,4645,
19-Aug-20,2020-08-19,729045,0,0,0,81288,0,0,0,25519,0,13970,679890,81911,28216,17533,4667,4665,
12-Aug-20,2020-08-12,723510,0,0,0,81388,0,0,0,25469,0,13952,675311,87338,22217,17483,4710,4709,
05-Aug-20,2020-08-05,721079,0,0,0,81236,0,0,0,26454,0,13949,668762,87829,21885,17393,4684,4683,
29-Jul-20,2020-07-29,710964,0,0,0,80952,0,0,0,26454,0,13937,661637,87855,19438,17393,4745,4742,
22-Jul-20,2020-07-22,705387,0,0,0,80746,0,0,0,26454,125,13916,654606,88085,18738,18718,4831,4828,
15-Jul-20,2020-07-15,708984,0,0,0,80512,0,0,0,26454,125,13924,647292,93096,18396,18498,4879,4876,
08-Jul-20,2020-07-08,706027,0,0,0,80105,0,0,0,28949,135,13920,640115,93096,18344,18254,4881,4877,
01-Jul-20,2020-07-01,695052,0,0,0,79618,0,0,0,28949,385,13916,632994,93096,17838,17616,4934,4930,
24-Jun-20,2020-06-24,694623,0,0,0,79133,0,0,0,27809,6390,13880,625607,93336,14195,18596,4934,4930,
17-Jun-20,2020-06-17,686007,0,0,0,78785,0,0,0,27794,6390,13877,612756,99751,12435,17759,4897,4893,
10-Jun-20,2020-06-10,675541,0,0,0,78305,0,0,0,27544,6385,13851,598707,105651,11980,16310,4814,4809,
03-Jun-20,2020-06-03,666056,0,0,0,77757,0,0,0,27874,6385,13814,584745,106571,11980,16186,4873,5052,
27-May-20,2020-05-27,657680,0,0,0,77153,0,0,0,27869,6385,13747,571035,107099,11920,18979,5028,5274,
20-May-20,2020-05-20,643792,0,0,0,76452,0,0,0,27679,6385,13744,557018,107129,11920,20498,5004,5249,
13-May-20,2020-05-13,627404,0,0,0,76171,0,0,0,27479,6385,13718,542664,107174,11320,18767,5024,5265,
06-May-20,2020-05-06,614755,0,0,0,75533,0,0,0,27454,6385,13714,528507,107174,10970,17684,4961,5201,
29-Apr-20,2020-04-29,594210,0,0,0,75076,0,0,0,27194,6385,13682,514491,107174,8200,15910,4932,5130,
22-Apr-20,2020-04-22,570640,0,0,0,74818,0,0,0,25969,6385,13598,500169,107189,6000,11218,3346,3475,
15-Apr-20,2020-04-15,552079,0,0,0,74957,0,0,0,25269,11385,13562,486190,107189,0,8244,3293,3420,
08-Apr-20,2020-04-08,532371,0,0,0,74907,0,0,0,24987,11380,13558,471995,107189,n/a,5873,3318,3444,
01-Apr-20,2020-04-01,512834,0,0,0,74842,0,0,0,21737,11130,13554,458496,107189,n/a,1908,3324,3450,
25-Mar-20,2020-03-25,481339,0,0,0,74835,0,0,0,14537,0,13464,447996,107189,n/a,n/a,3492,3620,
18-Mar-20,2020-03-18,465635,0,0,0,74048,0,0,0,10858,0,13461,444997,107189,n/a,n/a,3500,3628,
11-Mar-20,2020-03-11,460129,0,0,0,74046,0,0,0,8298,0,13465,444997,107189,n/a,n/a,3195,3314,
04-Mar-20,2020-03-04,469040,0,0,0,74113,0,0,0,8192,0,14425,444997,107189,n/a,n/a,4796,4251,
26-Feb-20,2020-02-26,474973,0,0,0,74072,0,0,0,8172,0,14394,444997,107249,n/a,n/a,4730,4729,
19-Feb-20,2020-02-19,477016,0,0,0,73876,0,0,0,8147,0,14366,444997,107649,n/a,n/a,4727,4727,
12-Feb-20,2020-02-12,476201,0,0,0,73925,0,0,0,8137,0,14332,444997,107659,n/a,n/a,4715,4716,
05-Feb-20,2020-02-05,475770,0,0,0,74190,0,0,0,8357,0,14264,444997,107659,n/a,n/a,4705,4704,
29-Jan-20,2020-01-29,475796,0,0,0,74271,0,0,0,8252,0,14260,444997,107704,n/a,n/a,4701,4700,
22-Jan-20,2020-01-22,473473,0,0,0,74488,0,0,0,7992,0,14222,444997,107924,n/a,n/a,4648,4649,
15-Jan-20,2020-01-15,474291,0,0,0,74695,0,0,0,7442,0,14170,444997,107954,n/a,n/a,4687,4618,
08-Jan-20,2020-01-08,475642,0,0,0,75665,0,0,0,8502,0,14108,444997,108164,n/a,n/a,4658,4961,
01-Jan-20,2020-01-01,473150,0,0,0,77669,0,0,0,8502,0,14104,444997,108164,n/a,n/a,4622,4927,
25-Dec-19,2019-12-25,475579,0,0,0,78004,0,0,0,8502,0,14100,444997,110164,n/a,n/a,4709,5015,
18-Dec-19,2019-12-18,476327,0,0,0,77010,0,0,0,8472,0,14096,444997,110175,n/a,n/a,4656,4959,
11-Dec-19,2019-12-11,479192,0,0,0,76229,0,0,0,7932,0,14092,444997,112690,n/a,n/a,4620,4920,
04-Dec-19,2019-12-04,484171,0,0,0,76038,0,0,0,9703,0,14026,444997,112690,n/a,n/a,4646,4647,
27-Nov-19,2019-11-27,483356,0,0,0,75788,0,0,0,9093,0,14057,444997,112731,n/a,n/a,4728,4885,
20-Nov-19,2019-11-20,483761,0,0,0,75685,0,0,0,9093,0,14043,444997,112864,n/a,n/a,4714,4958,
13-Nov-19,2019-11-13,485724,0,0,0,75644,0,0,0,9093,0,14015,444997,114429,n/a,n/a,4734,4978,
06-Nov-19,2019-11-06,487077,0,0,0,75779,0,0,0,10188,0,13980,444997,114429,n/a,n/a,4723,4966,
30-Oct-19,2019-10-30,485886,0,0,0,75937,0,0,0,10038,0,13961,444997,114429,n/a,n/a,4721,5106,
23-Oct-19,2019-10-23,484366,0,0,0,75994,0,0,0,9398,0,13935,444997,114439,n/a,n/a,4718,4960,
16-Oct-19,2019-10-16,484528,0,0,0,76000,0,0,0,9033,0,13920,444997,114453,n/a,n/a,4747,4902,
09-Oct-19,2019-10-09,484757,0,0,0,76040,0,0,0,8673,0,13882,444997,114453,n/a,n/a,4982,5143,
02-Oct-19,2019-10-02,480443,0,0,0,76143,0,0,0,8997,0,13856,444997,114453,n/a,n/a,4942,5101,
25-Sep-19,2019-09-25,476654,0,0,0,76128,0,0,0,8917,0,13822,444997,115292,n/a,n/a,4901,5061,
18-Sep-19,2019-09-18,472920,0,0,0,76154,0,0,0,8917,0,13794,444997,116156,n/a,n/a,4855,5013,
11-Sep-19,2019-09-11,468687,0,0,0,76300,0,0,0,8892,0,13768,444997,116266,n/a,n/a,4917,5076,
04-Sep-19,2019-09-04,466583,0,0,0,76451,0,0,0,11893,0,14053,444997,116266,n/a,n/a,5020,5180,
28-Aug-19,2019-08-28,477604,0,0,0,76559,0,0,0,11873,0,14001,444997,116276,n/a,n/a,5004,5164,
21-Aug-19,2019-08-21,486850,0,0,0,76358,0,0,0,11768,0,13986,444997,116726,n/a,n/a,5057,5221,
14-Aug-19,2019-08-14,487144,0,0,0,76265,0,0,0,11743,0,13967,444997,116742,n/a,n/a,5083,5244,
07-Aug-19,2019-08-07,487676,0,0,0,76302,0,0,0,13823,0,13933,444997,116742,n/a,n/a,5045,5206,
31-Jul-19,2019-07-31,486936,0,0,0,76168,0,0,0,13538,0,13905,444997,116742,n/a,n/a,4986,5141,
24-Jul-19,2019-07-24,487025,0,0,0,76021,0,0,0,13438,0,13877,444997,116742,n/a,n/a,4881,4876,
17-Jul-19,2019-07-17,480773,0,0,0,75920,0,0,0,11858,0,13858,444997,116742,n/a,n/a,4904,4900,
10-Jul-19,2019-07-10,487373,0,0,0,75775,0,0,0,12778,0,13698,444997,116742,n/a,n/a,4877,4902,
03-Jul-19,2019-07-03,489015,0,0,0,75719,0,0,0,12528,0,13520,444997,116742,n/a,n/a,4850,4875,
26-Jun-19,2019-06-26,489961,0,0,0,75510,0,0,0,13228,0,13298,444997,116742,n/a,n/a,4808,4836,
19-Jun-19,2019-06-19,488356,0,0,0,75256,0,0,0,13128,0,13217,444997,116943,n/a,n/a,4816,4842,
12-Jun-19,2019-06-12,487661,0,0,0,75167,0,0,0,12823,0,13147,444997,116943,n/a,n/a,4781,4807,
05-Jun-19,2019-06-05,492925,0,0,0,75174,0,0,0,13646,0,13025,444997,117238,n/a,n/a,4779,4961,
29-May-19,2019-05-29,491997,0,0,0,75156,0,0,0,13571,0,12832,444997,117238,n/a,n/a,4795,4977,
22-May-19,2019-05-22,490866,0,0,0,74706,0,0,0,13571,0,12694,444997,117239,n/a,n/a,4774,4954,
15-May-19,2019-05-15,491822,0,0,0,74673,0,0,0,12816,0,12551,444997,117239,n/a,n/a,4698,4877,
08-May-19,2019-05-08,491878,0,0,0,75029,0,0,0,12963,0,12501,444997,117239,n/a,n/a,4639,4664,
01-May-19,2019-05-01,495534,0,0,0,74889,0,0,0,12943,0,12477,444997,121249,n/a,n/a,4609,4633,
24-Apr-19,2019-04-24,492892,0,0,0,75368,0,0,0,12903,0,12446,444997,121250,n/a,n/a,4647,4672,
17-Apr-19,2019-04-17,491067,0,0,0,74982,0,0,0,12841,0,12445,444997,121250,n/a,n/a,4606,4631,
10-Apr-19,2019-04-10,489268,0,0,0,74529,0,0,0,12611,0,12428,444997,121250,n/a,n/a,4596,5198,
03-Apr-19,2019-04-03,482697,0,0,0,74493,0,0,0,12561,0,12394,444997,121250,n/a,n/a,4568,5470,
27-Mar-19,2019-03-27,478655,0,0,0,74326,0,0,0,12086,0,12391,444997,121401,n/a,n/a,4548,4886,
20-Mar-19,2019-03-20,476641,0,0,0,74089,0,0,0,11916,0,12387,444997,121401,n/a,n/a,4545,4886,
13-Mar-19,2019-03-13,473585,0,0,0,74194,0,0,0,11511,0,12383,444997,121401,n/a,n/a,6050,7011,
06-Mar-19,2019-03-06,471255,0,0,0,74190,0,0,0,9631,0,12713,444997,121401,n/a,n/a,6076,6830,
27-Feb-19,2019-02-27,491220,0,0,0,74019,0,0,0,9631,0,12654,444997,121401,n/a,n/a,6021,6767,
20-Feb-19,2019-02-20,491212,0,0,0,73969,0,0,0,9631,0,12640,444997,121422,n/a,n/a,6145,6933,
13-Feb-19,2019-02-13,491320,0,0,0,74021,0,0,0,9631,0,12607,444997,121422,n/a,n/a,6224,6858,
06-Feb-19,2019-02-06,488315,0,0,0,74074,0,0,0,8134,0,12590,444997,121422,n/a,n/a,4610,5279,
30-Jan-19,2019-01-30,488792,0,0,0,74178,0,0,0,8134,0,12553,444997,121422,n/a,n/a,4567,5230,
23-Jan-19,2019-01-23,487910,0,0,0,74178,0,0,0,8134,0,12508,444997,121442,n/a,n/a,4570,5232,
16-Jan-19,2019-01-16,489815,0,0,0,74577,0,0,0,8134,0,12496,566438,n/a,n/a,n/a,4642,5312,
09-Jan-19,2019-01-09,487445,0,0,0,75494,0,0,0,7164,0,12483,566439,n/a,n/a,n/a,4684,4716,
02-Jan-19,2019-01-02,485156,0,0,0,77022,0,0,0,7164,0,12479,566439,n/a,n/a,n/a,4739,4768,
26-Dec-18,2018-12-26,484262,0,0,0,78188,0,0,0,7164,0,12475,566439,n/a,n/a,n/a,4714,4743,
19-Dec-18,2018-12-19,484932,0,0,0,76723,0,0,0,7164,0,12471,566439,n/a,n/a,n/a,4714,4742,
12-Dec-18,2018-12-12,486572,0,0,0,75840,0,0,0,7164,0,12445,566439,n/a,n/a,n/a,4699,4726,
05-Dec-18,2018-12-05,487301,0,0,0,75476,0,0,0,5830,0,12449,566439,n/a,n/a,n/a,4666,4690,
28-Nov-18,2018-11-28,488938,0,0,0,75175,0,0,0,5830,0,12316,566444,n/a,n/a,n/a,4663,4684,
21-Nov-18,2018-11-21,488529,0,0,0,74895,0,0,0,5830,0,12179,566444,n/a,n/a,n/a,4651,4853,
14-Nov-18,2018-11-14,487888,0,0,0,74974,0,0,0,5830,0,12085,566444,n/a,n/a,n/a,4566,4583,
07-Nov-18,2018-11-07,492628,0,0,0,74990,0,0,0,5428,0,11926,571444,n/a,n/a,n/a,4514,4530,
31-Oct-18,2018-10-31,491033,0,0,0,74989,0,0,0,5428,0,11878,571444,n/a,n/a,n/a,4644,4840,
24-Oct-18,2018-10-24,492580,0,0,0,74884,0,0,0,5428,0,11791,571444,n/a,n/a,n/a,4598,4791,
17-Oct-18,2018-10-17,492930,0,0,0,74782,0,0,0,5428,0,11672,571444,n/a,n/a,n/a,4518,4709,
10-Oct-18,2018-10-10,491587,0,0,0,74880,0,0,0,5428,0,11553,571444,n/a,n/a,n/a,4493,4503,
03-Oct-18,2018-10-03,489126,0,0,0,75096,0,0,0,5908,0,11406,571444,n/a,n/a,n/a,4562,4570,
26-Sep-18,2018-09-26,488810,0,0,0,75072,0,0,0,5908,0,11235,571444,n/a,n/a,n/a,4500,4506,
19-Sep-18,2018-09-19,487671,0,0,0,75022,0,0,0,5908,0,11082,571444,n/a,n/a,n/a,4512,4516,
12-Sep-18,2018-09-12,487381,0,0,0,75121,0,0,0,5908,0,10921,571454,n/a,n/a,n/a,4560,4573,
05-Sep-18,2018-09-05,491073,0,0,0,75305,0,0,0,5480,0,10902,571454,n/a,n/a,n/a,4588,4612,
29-Aug-18,2018-08-29,490880,0,0,0,75631,0,0,0,5480,0,10786,571454,n/a,n/a,n/a,4571,4614,
22-Aug-18,2018-08-22,488556,0,0,0,75201,0,0,0,5480,0,10703,571454,n/a,n/a,n/a,4606,4650,
15-Aug-18,2018-08-15,491426,0,0,0,75002,0,0,0,5480,0,10569,571457,n/a,n/a,n/a,4694,4737,
08-Aug-18,2018-08-08,489566,0,0,0,75102,0,0,0,4157,0,10416,571457,n/a,n/a,n/a,4610,4651,
01-Aug-18,2018-08-01,488157,0,0,0,75073,0,0,0,4157,0,10307,571457,n/a,n/a,n/a,4523,4562,
25-Jul-18,2018-07-25,486890,0,0,0,74934,0,0,0,4157,0,10262,571457,n/a,n/a,n/a,4515,4555,
18-Jul-18,2018-07-18,484138,0,0,0,74953,0,0,0,4157,0,10346,571457,n/a,n/a,n/a,4551,4589,
11-Jul-18,2018-07-11,490315,0,0,0,75016,0,0,0,4177,0,10150,571457,n/a,n/a,n/a,4480,4518,
04-Jul-18,2018-07-04,487918,0,0,0,74707,0,0,0,4177,0,9995,571457,n/a,n/a,n/a,4497,4532,
27-Jun-18,2018-06-27,488323,0,0,0,74437,0,0,0,4177,0,9847,571457,n/a,n/a,n/a,4519,4551,
20-Jun-18,2018-06-20,488221,0,0,0,74349,0,0,0,4177,0,9724,571607,n/a,n/a,n/a,4504,4534,
13-Jun-18,2018-06-13,487703,0,0,0,74140,0,0,0,4177,0,9657,571607,n/a,n/a,n/a,4439,4465,
06-Jun-18,2018-06-06,491577,0,0,0,74141,0,0,0,5062,0,9527,571607,n/a,n/a,n/a,4419,4443,
30-May-18,2018-05-30,493354,0,0,0,74492,0,0,0,5062,0,9400,571607,n/a,n/a,n/a,4478,4500,
23-May-18,2018-05-23,488391,0,0,0,74049,0,0,0,5062,0,9397,571607,n/a,n/a,n/a,4444,4466,
16-May-18,2018-05-16,494283,0,0,0,73798,0,0,0,5062,0,9394,571607,n/a,n/a,n/a,4394,4416,
09-May-18,2018-05-09,495869,0,0,0,73934,0,0,0,4287,0,9391,571607,n/a,n/a,n/a,4373,4392,
02-May-18,2018-05-02,495298,0,0,0,73611,0,0,0,4287,0,9383,571607,n/a,n/a,n/a,4359,4375,
25-Apr-18,2018-04-25,496302,0,0,0,73334,0,0,0,4287,0,9380,572007,n/a,n/a,n/a,4255,4269,
18-Apr-18,2018-04-18,496425,0,0,0,73199,0,0,0,4287,0,9376,572007,n/a,n/a,n/a,4175,4186,
11-Apr-18,2018-04-11,491192,0,0,0,73740,0,0,0,4287,0,9373,572012,n/a,n/a,n/a,4186,4193,
04-Apr-18,2018-04-04,483981,0,0,0,74523,0,0,0,4077,0,9365,572012,n/a,n/a,n/a,4223,4227,
28-Mar-18,2018-03-28,481950,0,0,0,73858,0,0,0,4077,0,9362,572012,n/a,n/a,n/a,4220,4223,
21-Mar-18,2018-03-21,478595,0,0,0,73374,0,0,0,4077,0,9359,572012,n/a,n/a,n/a,4222,4223,
14-Mar-18,2018-03-14,474943,0,0,0,73288,0,0,0,4077,0,9356,572012,n/a,n/a,n/a,5702,5707,
07-Mar-18,2018-03-07,473603,0,0,0,73354,0,0,0,4115,0,9352,572012,n/a,n/a,n/a,5720,5732,
28-Feb-18,2018-02-28,492226,0,0,0,73250,0,0,0,4115,0,9841,572012,n/a,n/a,n/a,5765,5316,
21-Feb-18,2018-02-21,480877,0,0,0,73117,0,0,0,4115,0,9876,560417,n/a,n/a,n/a,4263,4287,
14-Feb-18,2018-02-14,478462,0,0,0,73189,0,0,0,4115,0,9840,557402,n/a,n/a,n/a,4266,4288,
07-Feb-18,2018-02-07,473964,0,0,0,73211,0,0,0,4660,0,9878,552966,n/a,n/a,n/a,4291,4316,
31-Jan-18,2018-01-31,472128,0,0,0,73329,0,0,0,4660,0,9863,551864,n/a,n/a,n/a,4191,4214,
24-Jan-18,2018-01-24,471629,0,0,0,73506,0,0,0,4660,0,9890,551009,n/a,n/a,n/a,4190,4214,
17-Jan-18,2018-01-17,469351,0,0,0,73972,0,0,0,4660,0,9939,548276,n/a,n/a,n/a,4309,4333,
10-Jan-18,2018-01-10,467473,0,0,0,74747,0,0,0,4417,0,9912,548066,n/a,n/a,n/a,4407,4430,
03-Jan-18,2018-01-03,465536,0,0,0,76225,0,0,0,4417,0,9944,547944,n/a,n/a,n/a,4415,4438,
27-Dec-17,2017-12-27,460366,0,0,0,77444,0,0,0,4417,0,9961,547819,n/a,n/a,n/a,4450,4472,
20-Dec-17,2017-12-20,463435,0,0,0,76581,0,0,0,4417,0,9920,547539,n/a,n/a,n/a,4451,4471,
13-Dec-17,2017-12-13,463511,0,0,0,75812,0,0,0,4417,0,9939,545251,n/a,n/a,n/a,4468,4487,
06-Dec-17,2017-12-06,458571,0,0,0,75686,0,0,0,4072,0,9956,538399,n/a,n/a,n/a,4462,4480,
29-Nov-17,2017-11-29,458666,0,0,0,75450,0,0,0,4072,0,9950,537583,n/a,n/a,n/a,4456,4473,
22-Nov-17,2017-11-22,456730,0,0,0,75165,0,0,0,4072,0,9960,536398,n/a,n/a,n/a,4499,4514,
15-Nov-17,2017-11-15,457665,0,0,0,74961,0,0,0,4072,0,9925,535560,n/a,n/a,n/a,4542,4556,
08-Nov-17,2017-11-08,457705,0,0,0,75029,0,0,0,6067,0,9908,535115,n/a,n/a,n/a,4566,4580,
01-Nov-17,2017-11-01,457648,0,0,0,75133,0,0,0,6067,0,9820,534915,n/a,n/a,n/a,4514,4525,
25-Oct-17,2017-10-25,458084,0,0,0,74784,0,0,0,6067,0,9768,534353,n/a,n/a,n/a,4514,4523,
18-Oct-17,2017-10-18,456816,0,0,0,74842,0,0,0,6067,0,9762,532537,n/a,n/a,n/a,4545,4553,
11-Oct-17,2017-10-11,456370,0,0,0,75071,0,0,0,6067,0,9709,532292,n/a,n/a,n/a,4541,4547,
04-Oct-17,2017-10-04,453804,0,0,0,75271,0,0,0,6572,0,9688,530041,n/a,n/a,n/a,4510,4515,
27-Sep-17,2017-09-27,448753,0,0,0,75343,0,0,0,6572,0,9610,529542,n/a,n/a,n/a,4476,4480,
20-Sep-17,2017-09-20,445826,0,0,0,75218,0,0,0,6572,0,9593,529324,n/a,n/a,n/a,4418,4421,
13-Sep-17,2017-09-13,441894,0,0,0,75187,0,0,0,6572,0,9671,527624,n/a,n/a,n/a,4533,4555,
06-Sep-17,2017-09-06,428797,0,0,0,75328,0,0,0,8777,0,9820,527444,n/a,n/a,n/a,4596,4615,
30-Aug-17,2017-08-30,445784,0,0,0,75408,0,0,0,8777,0,9768,527852,n/a,n/a,n/a,4645,4677,
23-Aug-17,2017-08-23,443926,0,0,0,75013,0,0,0,8777,0,10488,527740,n/a,n/a,n/a,4690,4722,
16-Aug-17,2017-08-16,449866,0,0,0,74885,0,0,0,8777,0,10403,525375,n/a,n/a,n/a,4660,4690,
09-Aug-17,2017-08-09,450082,0,0,0,74853,0,0,0,9557,0,10378,524636,n/a,n/a,n/a,4618,4647,
02-Aug-17,2017-08-02,448704,0,0,0,74917,0,0,0,9557,0,10264,524589,n/a,n/a,n/a,4535,4564,
26-Jul-17,2017-07-26,448603,0,0,0,75082,0,0,0,9557,0,10231,523315,n/a,n/a,n/a,4590,4618,
19-Jul-17,2017-07-19,446250,0,0,0,74908,0,0,0,9557,0,10209,520661,n/a,n/a,n/a,4597,4624,
12-Jul-17,2017-07-12,445381,0,0,0,74974,0,0,0,9557,0,10106,520486,n/a,n/a,n/a,4651,4675,
05-Jul-17,2017-07-05,447611,0,0,0,74878,0,0,0,11210,0,10074,520461,n/a,n/a,n/a,4633,4657,
28-Jun-17,2017-06-28,441717,0,0,0,74690,0,0,0,11210,0,10071,514256,n/a,n/a,n/a,4636,4658,
21-Jun-17,2017-06-21,440845,0,0,0,74359,0,0,0,11210,0,10101,513661,n/a,n/a,n/a,4732,4755,
14-Jun-17,2017-06-14,437837,0,0,0,74280,0,0,0,11210,0,10135,510195,n/a,n/a,n/a,4692,4713,
07-Jun-17,2017-06-07,439528,0,0,0,74365,0,0,0,13385,0,10094,510023,n/a,n/a,n/a,4627,4648,
31-May-17,2017-05-31,437760,0,0,0,74776,0,0,0,13385,0,10126,508298,n/a,n/a,n/a,4649,4666,
24-May-17,2017-05-24,440568,0,0,0,74165,0,0,0,13385,0,10103,508034,n/a,n/a,n/a,4628,4644,
17-May-17,2017-05-17,438405,0,0,0,73733,0,0,0,13385,0,10100,505174,n/a,n/a,n/a,4632,4647,
10-May-17,2017-05-10,435710,0,0,0,74066,0,0,0,12575,0,10043,503704,n/a,n/a,n/a,4629,4645,
03-May-17,2017-05-03,434532,0,0,0,74706,0,0,0,12575,0,10076,502891,n/a,n/a,n/a,4647,4661,
26-Apr-17,2017-04-26,434068,0,0,0,74239,0,0,0,12575,0,10072,502500,n/a,n/a,n/a,4662,4674,
19-Apr-17,2017-04-19,430195,0,0,0,74841,0,0,0,12575,0,10059,500319,n/a,n/a,n/a,4684,4695,
12-Apr-17,2017-04-12,431207,0,0,0,74383,0,0,0,12575,0,10065,500009,n/a,n/a,n/a,4792,4806,
05-Apr-17,2017-04-05,429363,0,0,0,73916,0,0,0,11320,0,10028,499252,n/a,n/a,n/a,4801,4814,
29-Mar-17,2017-03-29,424021,0,0,0,73608,0,0,0,11320,0,10004,497306,n/a,n/a,n/a,4820,4992,
22-Mar-17,2017-03-22,416376,0,0,0,73352,0,0,0,11320,0,9972,490774,n/a,n/a,n/a,4799,4968,
15-Mar-17,2017-03-15,414142,0,0,0,73170,0,0,0,11320,0,9960,488354,n/a,n/a,n/a,6519,5989,
08-Mar-17,2017-03-08,409829,0,0,0,73222,0,0,0,9355,0,9923,486891,n/a,n/a,n/a,6550,6751,
01-Mar-17,2017-03-01,410929,0,0,0,73287,0,0,0,9355,0,9963,485633,n/a,n/a,n/a,6477,6075,
22-Feb-17,2017-02-22,406486,0,0,0,72974,0,0,0,9355,0,9895,484362,n/a,n/a,n/a,4807,4839,
15-Feb-17,2017-02-15,401862,0,0,0,72966,0,0,0,9355,0,9824,480541,n/a,n/a,n/a,4806,4838,
08-Feb-17,2017-02-08,398242,0,0,0,72991,0,0,0,9219,0,9821,479615,n/a,n/a,n/a,4778,4443,
01-Feb-17,2017-02-01,391315,0,0,0,73127,0,0,0,9219,0,9739,474013,n/a,n/a,n/a,4732,4761,
25-Jan-17,2017-01-25,384936,0,0,0,72990,0,0,0,9219,0,9710,468037,n/a,n/a,n/a,4745,4771,
18-Jan-17,2017-01-18,382630,0,0,0,73260,0,0,0,9219,0,9756,464152,n/a,n/a,n/a,4870,4895,
11-Jan-17,2017-01-11,380647,0,0,0,73944,0,0,0,9219,0,9713,455451,n/a,n/a,n/a,4887,4912,
04-Jan-17,2017-01-04,374472,0,0,0,75013,0,0,0,10879,0,9724,449082,n/a,n/a,n/a,4866,4893,
28-Dec-16,2016-12-28,370510,0,0,0,76367,0,0,0,10879,0,9739,448575,n/a,n/a,n/a,4886,4914,
21-Dec-16,2016-12-21,373021,0,0,0,75870,0,0,0,10879,0,9710,448425,n/a,n/a,n/a,4830,4857,
14-Dec-16,2016-12-14,362866,0,0,0,74742,0,0,0,10879,0,9702,436505,n/a,n/a,n/a,4711,4735,
07-Dec-16,2016-12-07,363777,0,0,0,74266,0,0,0,16566,0,9706,431134,n/a,n/a,n/a,4747,4769,
30-Nov-16,2016-11-30,358716,0,0,0,73974,0,0,0,16566,0,9732,425741,n/a,n/a,n/a,4795,4818,
23-Nov-16,2016-11-23,353950,0,0,0,73601,0,0,0,16566,0,9781,418783,n/a,n/a,n/a,4827,4849,
16-Nov-16,2016-11-16,352614,0,0,0,73226,0,0,0,16566,0,9765,415204,n/a,n/a,n/a,4823,4840,
09-Nov-16,2016-11-09,350556,0,0,0,73263,0,0,0,18297,0,9758,411488,n/a,n/a,n/a,4826,4842,
02-Nov-16,2016-11-02,347260,0,0,0,73214,0,0,0,18297,0,9744,408690,n/a,n/a,n/a,4883,4894,
26-Oct-16,2016-10-26,344471,0,0,0,72950,0,0,0,18297,0,9718,406998,n/a,n/a,n/a,4910,4921,
19-Oct-16,2016-10-19,337867,0,0,0,72665,0,0,0,18297,0,9687,404703,n/a,n/a,n/a,4893,4903,
12-Oct-16,2016-10-12,333314,0,0,0,72646,0,0,0,18297,0,9668,402126,n/a,n/a,n/a,4931,4938,
05-Oct-16,2016-10-05,330847,0,0,0,72708,0,0,0,20534,0,9746,398723,n/a,n/a,n/a,4720,4724,
28-Sep-16,2016-09-28,326116,0,0,0,72603,0,0,0,20364,0,9763,396336,n/a,n/a,n/a,4635,4635,
21-Sep-16,2016-09-21,320701,0,0,0,72382,0,0,0,20279,0,9678,394426,n/a,n/a,n/a,4642,4641,
14-Sep-16,2016-09-14,318442,0,0,0,72478,0,0,0,20209,0,9650,392566,n/a,n/a,n/a,4567,4582,
07-Sep-16,2016-09-07,318481,0,0,0,72534,0,0,0,24229,0,9694,390157,n/a,n/a,n/a,4511,4532,
31-Aug-16,2016-08-31,329063,0,0,0,72714,0,0,0,24229,0,10591,386647,n/a,n/a,n/a,4595,4614,
24-Aug-16,2016-08-24,328861,0,0,0,72261,0,0,0,23599,0,10465,384307,n/a,n/a,n/a,4546,4565,
17-Aug-16,2016-08-17,326164,0,0,0,71955,0,0,0,23374,0,10428,380798,n/a,n/a,n/a,4627,4645,
10-Aug-16,2016-08-10,323645,0,0,0,71977,0,0,0,24326,0,10414,377288,n/a,n/a,n/a,4632,4648,
03-Aug-16,2016-08-03,320728,0,0,0,71978,0,0,0,24126,0,10316,375000,n/a,n/a,n/a,4525,4539,
27-Jul-16,2016-07-27,319040,0,0,0,71751,0,0,0,24051,0,10301,375000,n/a,n/a,n/a,4593,4609,
20-Jul-16,2016-07-20,319931,0,0,0,71519,0,0,0,23801,0,10226,375000,n/a,n/a,n/a,4572,4588,
13-Jul-16,2016-07-13,317053,0,0,0,71519,0,0,0,21796,0,10257,375000,n/a,n/a,n/a,4565,4582,
06-Jul-16,2016-07-06,319679,0,0,0,71366,0,0,0,23567,0,10215,375000,n/a,n/a,n/a,4690,4705,
29-Jun-16,2016-06-29,316666,0,0,0,70969,0,0,0,20495,0,10158,375000,n/a,n/a,n/a,4468,4482,
22-Jun-16,2016-06-22,315851,0,0,0,70185,0,0,0,20125,0,10017,375000,n/a,n/a,n/a,4104,4112,
15-Jun-16,2016-06-15,315182,0,0,0,69976,0,0,0,17670,0,10089,375000,n/a,n/a,n/a,4251,4259,
08-Jun-16,2016-06-08,315276,0,0,0,69949,0,0,0,18015,0,10044,375000,n/a,n/a,n/a,4141,4147,
01-Jun-16,2016-06-01,317689,0,0,0,70391,0,0,0,18015,0,10031,375000,n/a,n/a,n/a,4172,4178,
25-May-16,2016-05-25,317800,0,0,0,69687,0,0,0,18015,0,10038,375000,n/a,n/a,n/a,4085,4091,
18-May-16,2016-05-18,317528,0,0,0,69523,0,0,0,18015,0,10045,375000,n/a,n/a,n/a,4117,4122,
11-May-16,2016-05-11,317932,0,0,0,69655,0,0,0,18869,0,10063,375000,n/a,n/a,n/a,4170,4173,
04-May-16,2016-05-04,318068,0,0,0,69871,0,0,0,18869,0,10008,375000,n/a,n/a,n/a,4165,4152,
27-Apr-16,2016-04-27,317165,0,0,0,69301,0,0,0,18869,0,9974,375000,n/a,n/a,n/a,4139,4127,
20-Apr-16,2016-04-20,319093,0,0,0,68764,0,0,0,18869,0,10024,375000,n/a,n/a,n/a,4185,4172,
13-Apr-16,2016-04-13,319051,0,0,0,68654,0,0,0,18869,0,10033,375000,n/a,n/a,n/a,4243,4551,
06-Apr-16,2016-04-06,318419,0,0,0,68955,0,0,0,18657,0,10039,375000,n/a,n/a,n/a,4279,4593,
30-Mar-16,2016-03-30,313863,0,0,0,69591,0,0,0,18657,0,10009,375000,n/a,n/a,n/a,4170,4333,
23-Mar-16,2016-03-23,314226,0,0,0,68755,0,0,0,18657,0,9987,375000,n/a,n/a,n/a,4260,4427,
16-Mar-16,2016-03-16,315435,0,0,0,67874,0,0,0,18657,0,9962,375000,n/a,n/a,n/a,5673,5595,
09-Mar-16,2016-03-09,312137,0,0,0,67823,0,0,0,15522,0,9952,375000,n/a,n/a,n/a,5630,5645,
02-Mar-16,2016-03-02,314843,0,0,0,67629,0,0,0,15522,0,10024,375000,n/a,n/a,n/a,4275,4122,
24-Feb-16,2016-02-24,314415,0,0,0,67235,0,0,0,15522,0,10007,375000,n/a,n/a,n/a,4325,4328,
17-Feb-16,2016-02-17,316165,0,0,0,66978,0,0,0,15522,0,9960,375000,n/a,n/a,n/a,4205,4208,
10-Feb-16,2016-02-10,317318,0,0,0,67006,0,0,0,16261,0,9953,375000,n/a,n/a,n/a,4161,4164,
03-Feb-16,2016-02-03,315378,0,0,0,67101,0,0,0,16261,0,9923,375000,n/a,n/a,n/a,4130,4131,
27-Jan-16,2016-01-27,311501,0,0,0,66841,0,0,0,16261,0,9833,375000,n/a,n/a,n/a,4218,4218,
20-Jan-16,2016-01-20,315863,0,0,0,66573,0,0,0,16261,0,9851,375000,n/a,n/a,n/a,4239,4238,
13-Jan-16,2016-01-13,314629,0,0,0,66948,0,0,0,16261,0,9812,375000,n/a,n/a,n/a,4161,4160,
06-Jan-16,2016-01-06,311981,0,0,0,68222,0,0,0,15455,0,9767,375000,n/a,n/a,n/a,4110,4108,
30-Dec-15,2015-12-30,310112,0,0,0,69754,0,0,0,15455,0,9697,375000,n/a,n/a,n/a,4043,4043,
23-Dec-15,2015-12-23,309769,0,0,0,69779,0,0,0,15455,0,9713,375000,n/a,n/a,n/a,4036,4035,
16-Dec-15,2015-12-16,300926,0,0,0,68333,0,0,0,15455,0,9712,375000,n/a,n/a,n/a,4000,3996,
09-Dec-15,2015-12-09,296547,0,0,0,67899,0,0,0,13492,0,9732,375000,n/a,n/a,n/a,3957,3952,
02-Dec-15,2015-12-02,311934,0,0,0,67681,0,0,0,13492,0,10401,375000,n/a,n/a,n/a,4019,4012,
25-Nov-15,2015-11-25,314545,0,0,0,67178,0,0,0,13492,0,10324,375000,n/a,n/a,n/a,3971,3966,
18-Nov-15,2015-11-18,315467,0,0,0,66831,0,0,0,13492,0,10265,375000,n/a,n/a,n/a,3951,3943,
11-Nov-15,2015-11-11,315331,0,0,0,66829,0,0,0,14042,0,10188,375000,n/a,n/a,n/a,3953,3946,
04-Nov-15,2015-11-04,315984,0,0,0,66872,0,0,0,14042,0,10200,375000,n/a,n/a,n/a,3909,3903,
28-Oct-15,2015-10-28,316052,0,0,0,66677,0,0,0,14042,0,10228,375000,n/a,n/a,n/a,3947,3940,
21-Oct-15,2015-10-21,316345,0,0,0,66343,0,0,0,14042,0,10188,375000,n/a,n/a,n/a,3901,3892,
14-Oct-15,2015-10-14,313758,0,0,0,66351,0,0,0,14042,0,10156,375000,n/a,n/a,n/a,3909,3901,
07-Oct-15,2015-10-07,314821,0,0,0,66511,0,0,0,15272,0,10130,375000,n/a,n/a,n/a,3937,3927,
30-Sep-15,2015-09-30,311762,0,0,0,66428,0,0,0,15272,0,10144,375000,n/a,n/a,n/a,3980,3969,
23-Sep-15,2015-09-23,308068,0,0,0,66131,0,0,0,15272,0,10131,375000,n/a,n/a,n/a,3956,3944,
16-Sep-15,2015-09-16,304930,0,0,0,66071,0,0,0,15272,0,10055,375000,n/a,n/a,n/a,3877,3873,
09-Sep-15,2015-09-09,301128,0,0,0,66089,0,0,0,16562,0,10077,375000,n/a,n/a,n/a,3915,3921,
02-Sep-15,2015-09-02,317245,0,0,0,66749,0,0,0,16562,0,10732,375000,n/a,n/a,n/a,3937,3940,
26-Aug-15,2015-08-26,317865,0,0,0,66304,0,0,0,16562,0,10768,375000,n/a,n/a,n/a,3877,3881,
19-Aug-15,2015-08-19,318345,0,0,0,66189,0,0,0,16562,0,10786,375000,n/a,n/a,n/a,3847,3850,
12-Aug-15,2015-08-12,316861,0,0,0,66215,0,0,0,15427,0,10778,375000,n/a,n/a,n/a,3852,3854,
05-Aug-15,2015-08-05,316892,0,0,0,66220,0,0,0,15427,0,10717,375000,n/a,n/a,n/a,3853,3855,
29-Jul-15,2015-07-29,317794,0,0,0,66233,0,0,0,15427,0,10713,375000,n/a,n/a,n/a,3845,3846,
22-Jul-15,2015-07-22,317300,0,0,0,66030,0,0,0,15427,0,10684,375000,n/a,n/a,n/a,3849,3848,
15-Jul-15,2015-07-15,316813,0,0,0,65680,0,0,0,15427,0,10625,375000,n/a,n/a,n/a,3850,3850,
08-Jul-15,2015-07-08,314924,0,0,0,65578,0,0,0,13372,0,10698,375000,n/a,n/a,n/a,3926,3924,
01-Jul-15,2015-07-01,314944,0,0,0,65567,0,0,0,13372,0,10641,375000,n/a,n/a,n/a,3849,3846,
24-Jun-15,2015-06-24,315669,0,0,0,65184,0,0,0,13372,0,10607,375000,n/a,n/a,n/a,3828,3824,
17-Jun-15,2015-06-17,315355,0,0,0,65054,0,0,0,13372,0,10629,375000,n/a,n/a,n/a,3827,3820,
10-Jun-15,2015-06-10,314440,0,0,0,65167,0,0,0,12565,0,10608,375000,n/a,n/a,n/a,3868,3862,
03-Jun-15,2015-06-03,316634,0,0,0,65197,0,0,0,12565,0,10663,375000,n/a,n/a,n/a,3925,3916,
27-May-15,2015-05-27,317155,0,0,0,65316,0,0,0,12565,0,10752,375000,n/a,n/a,n/a,3926,3918,
20-May-15,2015-05-20,318172,0,0,0,64675,0,0,0,12565,0,10727,375000,n/a,n/a,n/a,3878,3869,
13-May-15,2015-05-13,313855,0,0,0,64529,0,0,0,8412,0,10738,375000,n/a,n/a,n/a,3831,3820,
06-May-15,2015-05-06,312342,0,0,0,65415,0,0,0,8412,0,10739,375000,n/a,n/a,n/a,3948,3934,
29-Apr-15,2015-04-29,312707,0,0,0,64809,0,0,0,8412,0,10780,375000,n/a,n/a,n/a,3897,3883,
22-Apr-15,2015-04-22,309803,0,0,0,64364,0,0,0,8412,0,10818,375000,n/a,n/a,n/a,4009,3994,
15-Apr-15,2015-04-15,309000,0,0,0,64494,0,0,0,8412,0,10848,375000,n/a,n/a,n/a,4069,4053,
08-Apr-15,2015-04-08,304285,0,0,0,65256,0,0,0,5180,0,10838,375000,n/a,n/a,n/a,4042,4025,
01-Apr-15,2015-04-01,304265,0,0,0,65030,0,0,0,5180,0,10852,375000,n/a,n/a,n/a,4068,4057,
25-Mar-15,2015-03-25,305656,0,0,0,64104,0,0,0,5180,0,10869,375000,n/a,n/a,n/a,4020,4007,
18-Mar-15,2015-03-18,304713,0,0,0,63715,0,0,0,5180,0,10826,375000,n/a,n/a,n/a,4020,4011,
11-Mar-15,2015-03-11,303217,0,0,0,63691,0,0,0,2994,0,10701,375000,n/a,n/a,n/a,4004,3991,
04-Mar-15,2015-03-04,306862,0,0,0,63584,0,0,0,2994,0,10747,375000,n/a,n/a,n/a,3935,3931,
25-Feb-15,2015-02-25,307017,0,0,0,63309,0,0,0,2994,0,10810,375000,n/a,n/a,n/a,3875,3869,
18-Feb-15,2015-02-18,307311,0,0,0,63008,0,0,0,2994,0,10784,375000,n/a,n/a,n/a,3891,3886,
11-Feb-15,2015-02-11,306302,0,0,0,63284,0,0,0,2339,0,10791,375000,n/a,n/a,n/a,3933,3927,
04-Feb-15,2015-02-04,306174,0,0,0,63282,0,0,0,2339,0,10839,375000,n/a,n/a,n/a,3951,3945,
28-Jan-15,2015-01-28,304983,0,0,0,62941,0,0,0,2339,0,10863,375000,n/a,n/a,n/a,3961,3954,
21-Jan-15,2015-01-21,304769,0,0,0,62905,0,0,0,2339,0,10856,375000,n/a,n/a,n/a,3981,3973,
14-Jan-15,2015-01-14,303304,0,0,0,63275,0,0,0,2339,0,10795,375000,n/a,n/a,n/a,3954,3945,
07-Jan-15,2015-01-07,301237,0,0,0,64454,0,0,0,2298,0,10763,375000,n/a,n/a,n/a,3980,3971,
31-Dec-14,2014-12-31,298544,0,0,0,66038,0,0,0,2298,0,10710,375000,n/a,n/a,n/a,3851,3844,
24-Dec-14,2014-12-24,299414,0,0,0,66876,0,0,0,2298,0,10662,375000,n/a,n/a,n/a,3861,3854,
17-Dec-14,2014-12-17,300352,0,0,0,65253,0,0,0,2298,0,10701,375000,n/a,n/a,n/a,3839,3830,
10-Dec-14,2014-12-10,300956,0,0,0,64724,0,0,0,1903,0,10674,375000,n/a,n/a,n/a,3827,3816,
03-Dec-14,2014-12-03,303668,0,0,0,64298,0,0,0,1903,0,10684,375000,n/a,n/a,n/a,3824,3813,
26-Nov-14,2014-11-26,303509,0,0,0,63672,0,0,0,1903,0,10600,375000,n/a,n/a,n/a,3805,3793,
19-Nov-14,2014-11-19,304297,0,0,0,63128,0,0,0,1903,0,10501,375000,n/a,n/a,n/a,3835,3822,
12-Nov-14,2014-11-12,304993,0,0,0,63108,0,0,0,1746,0,10441,375000,n/a,n/a,n/a,3796,3783,
05-Nov-14,2014-11-05,304766,0,0,0,63060,0,0,0,1746,0,10416,375000,n/a,n/a,n/a,3761,3748,
29-Oct-14,2014-10-29,302106,0,0,0,63059,0,0,0,1746,0,10379,375000,n/a,n/a,n/a,3725,3711,
22-Oct-14,2014-10-22,304393,0,0,0,62562,0,0,0,1746,0,10352,375000,n/a,n/a,n/a,3750,3735,
15-Oct-14,2014-10-15,300727,0,0,0,62607,0,0,0,1746,0,10383,375000,n/a,n/a,n/a,3792,3773,
08-Oct-14,2014-10-08,299079,0,0,0,62617,0,0,0,1658,0,10305,375000,n/a,n/a,n/a,3739,3721,
01-Oct-14,2014-10-01,293613,0,0,0,62704,0,0,0,1658,0,10263,375000,n/a,n/a,n/a,3708,3690,
24-Sep-14,2014-09-24,289788,0,0,0,62598,0,0,0,1658,0,10186,375000,n/a,n/a,n/a,3672,3655,
17-Sep-14,2014-09-17,289724,0,0,0,62391,0,0,0,1658,0,10135,375000,n/a,n/a,n/a,3678,3674,
10-Sep-14,2014-09-10,288265,0,0,0,62341,0,0,0,1562,0,10105,375000,n/a,n/a,n/a,3717,3718,
03-Sep-14,2014-09-03,301950,0,0,0,62365,0,0,0,1562,0,10608,375000,n/a,n/a,n/a,3651,3655,
27-Aug-14,2014-08-27,302778,0,0,0,62512,0,0,0,1562,0,10579,375000,n/a,n/a,n/a,3623,3627,
20-Aug-14,2014-08-20,303539,0,0,0,62109,0,0,0,1562,0,10516,375000,n/a,n/a,n/a,3611,3622,
13-Aug-14,2014-08-13,303843,0,0,0,62080,0,0,0,2127,0,10465,375000,n/a,n/a,n/a,3602,3596,
06-Aug-14,2014-08-06,304120,0,0,0,62150,0,0,0,2127,0,10439,375000,n/a,n/a,n/a,3571,3564,
30-Jul-14,2014-07-30,303183,0,0,0,62163,0,0,0,2127,0,10416,375000,n/a,n/a,n/a,3550,3544,
23-Jul-14,2014-07-23,303509,0,0,0,61770,0,0,0,2127,0,10385,375000,n/a,n/a,n/a,3526,3519,
16-Jul-14,2014-07-16,303931,0,0,0,61685,0,0,0,2127,0,10313,375000,n/a,n/a,n/a,3504,3496,
09-Jul-14,2014-07-09,303718,0,0,0,61644,0,0,0,1908,0,10308,375000,n/a,n/a,n/a,3504,3496,
02-Jul-14,2014-07-02,303764,0,0,0,61641,0,0,0,1908,0,10242,375000,n/a,n/a,n/a,3501,3500,
25-Jun-14,2014-06-25,303599,0,0,0,61410,0,0,0,1908,0,10247,375000,n/a,n/a,n/a,3540,3531,
18-Jun-14,2014-06-18,303435,0,0,0,61164,0,0,0,1908,0,10197,375000,n/a,n/a,n/a,3547,3537,
11-Jun-14,2014-06-11,303405,0,0,0,61157,0,0,0,1473,0,10209,375000,n/a,n/a,n/a,3581,3572,
04-Jun-14,2014-06-04,305980,0,0,0,61175,0,0,0,1473,0,10243,375000,n/a,n/a,n/a,3590,3579,
28-May-14,2014-05-28,305548,0,0,0,61436,0,0,0,1473,0,10264,375000,n/a,n/a,n/a,3605,3594,
21-May-14,2014-05-21,304879,0,0,0,60993,0,0,0,1473,0,10207,375000,n/a,n/a,n/a,3567,3555,
14-May-14,2014-05-14,304876,0,0,0,60778,0,0,0,1313,0,10223,375000,n/a,n/a,n/a,3589,3577,
07-May-14,2014-05-07,304262,0,0,0,61436,0,0,0,1313,0,10195,375000,n/a,n/a,n/a,3544,3533,
30-Apr-14,2014-04-30,303808,0,0,0,61255,0,0,0,1313,0,10197,375000,n/a,n/a,n/a,3560,3548,
23-Apr-14,2014-04-23,303399,0,0,0,61661,0,0,0,1313,0,10171,375000,n/a,n/a,n/a,3581,3570,
16-Apr-14,2014-04-16,299695,0,0,0,61421,0,0,0,1313,0,10182,375000,n/a,n/a,n/a,3580,3568,
09-Apr-14,2014-04-09,300649,0,0,0,60479,0,0,0,1313,0,10192,375000,n/a,n/a,n/a,3587,3574,
02-Apr-14,2014-04-02,299696,0,0,0,60447,0,0,0,1313,0,10167,375000,n/a,n/a,n/a,3608,3596,
26-Mar-14,2014-03-26,300100,0,0,0,60104,0,0,0,1313,0,10161,375000,n/a,n/a,n/a,3624,3612,
19-Mar-14,2014-03-19,299620,0,0,0,59820,0,0,0,1313,0,10140,375000,n/a,n/a,n/a,3616,3958,
12-Mar-14,2014-03-12,295540,0,0,0,59758,0,0,0,1165,0,10099,375000,n/a,n/a,n/a,3620,3831,
05-Mar-14,2014-03-05,306104,0,0,0,59721,0,0,0,1165,0,10168,375000,n/a,n/a,n/a,3592,3034,
26-Feb-14,2014-02-26,305743,0,0,0,59610,0,0,0,1165,0,10161,375000,n/a,n/a,n/a,3612,3615,
19-Feb-14,2014-02-19,305951,0,0,0,59391,0,0,0,1165,0,10152,375000,n/a,n/a,n/a,3597,3599,
12-Feb-14,2014-02-12,303994,0,0,0,59444,0,0,0,325,0,10098,375000,n/a,n/a,n/a,3624,3626,
05-Feb-14,2014-02-05,302188,0,0,0,59528,0,0,0,325,0,10137,375000,n/a,n/a,n/a,3687,3689,
29-Jan-14,2014-01-29,302310,0,0,0,59478,0,0,0,325,0,10086,375000,n/a,n/a,n/a,3632,3624,
22-Jan-14,2014-01-22,300583,0,0,0,59438,0,0,0,325,0,10025,375000,n/a,n/a,n/a,3624,3628,
15-Jan-14,2014-01-15,300820,0,0,0,59688,0,0,0,325,0,10006,375000,n/a,n/a,n/a,3674,3675,
08-Jan-14,2014-01-08,299413,0,0,0,60517,0,0,0,125,0,9990,375000,n/a,n/a,n/a,3647,3648,
01-Jan-14,2014-01-01,297036,0,0,0,62470,0,0,0,125,0,9979,375000,n/a,n/a,n/a,3634,3648,
25-Dec-13,2013-12-25,297183,0,0,0,63425,0,0,0,125,0,9988,375000,n/a,n/a,n/a,3670,3687,
18-Dec-13,2013-12-18,297716,0,0,0,62117,0,0,0,125,0,10013,375000,n/a,n/a,n/a,3669,3680,
11-Dec-13,2013-12-11,298923,0,0,0,61489,0,0,0,105,0,10025,375000,n/a,n/a,n/a,3676,3701,
04-Dec-13,2013-12-04,301488,0,0,0,61171,0,0,0,105,0,10052,375000,n/a,n/a,n/a,3683,3691,
27-Nov-13,2013-11-27,300503,0,0,0,60617,0,0,0,105,0,10087,375000,n/a,n/a,n/a,3698,3729,
20-Nov-13,2013-11-20,302828,0,0,0,60273,0,0,0,105,0,10091,375000,n/a,n/a,n/a,3723,3731,
13-Nov-13,2013-11-13,303169,0,0,0,60092,0,0,0,155,0,10072,375000,n/a,n/a,n/a,3763,3787,
06-Nov-13,2013-11-06,302399,0,0,0,60224,0,0,0,155,0,10089,375000,n/a,n/a,n/a,3744,3751,
30-Oct-13,2013-10-30,302460,0,0,0,60226,0,0,0,155,0,10121,375000,n/a,n/a,n/a,3747,3751,
23-Oct-13,2013-10-23,298058,0,0,0,59809,0,0,0,155,0,10086,375000,n/a,n/a,n/a,3726,3729,
16-Oct-13,2013-10-16,299272,0,0,0,59737,0,0,0,155,0,10019,375000,n/a,n/a,n/a,3778,3780,
09-Oct-13,2013-10-09,299406,0,0,0,59759,0,0,0,215,0,10064,375000,n/a,n/a,n/a,3777,3794,
02-Oct-13,2013-10-02,298608,0,0,0,59853,0,0,0,215,0,10061,375000,n/a,n/a,n/a,3710,3712,
25-Sep-13,2013-09-25,294255,0,0,0,59817,0,0,0,215,0,10641,375000,n/a,n/a,n/a,3745,3747,
18-Sep-13,2013-09-18,294143,0,0,0,59684,0,0,0,n/a,n/a,n/a,n/a,n/a,n/a,n/a,3763,n/a,
11-Sep-13,2013-09-11,294157,0,0,0,59821,0,0,0,n/a,n/a,n/a,n/a,n/a,n/a,n/a,3796,n/a,
04-Sep-13,2013-09-04,297861,0,0,0,60050,0,0,0,n/a,n/a,n/a,n/a,n/a,n/a,n/a,3842,n/a,
28-Aug-13,2013-08-28,296693,0,0,0,60475,0,0,0,n/a,n/a,n/a,n/a,n/a,n/a,n/a,3866,n/a,
21-Aug-13,2013-08-21,298658,0,0,0,59976,0,0,0,n/a,n/a,n/a,n/a,n/a,n/a,n/a,3831,n/a,
14-Aug-13,2013-08-14,295269,0,0,0,59824,0,0,0,n/a,n/a,n/a,n/a,n/a,n/a,n/a,3870,n/a,
07-Aug-13,2013-08-07,295309,0,0,0,59900,0,0,0,n/a,n/a,n/a,n/a,n/a,n/a,n/a,3878,n/a,
31-Jul-13,2013-07-31,294511,0,0,0,59945,0,0,0,n/a,n/a,n/a,n/a,n/a,n/a,n/a,3967,n/a,
24-Jul-13,2013-07-24,293962,0,0,0,59747,0,0,0,n/a,n/a,n/a,n/a,n/a,n/a,n/a,3917,n/a,
17-Jul-13,2013-07-17,294217,0,0,0,59710,0,0,0,n/a,n/a,n/a,n/a,n/a,n/a,n/a,3966,n/a,
10-Jul-13,2013-07-10,294490,0,0,0,59521,0,0,0,n/a,n/a,n/a,n/a,n/a,n/a,n/a,4024,n/a,
03-Jul-13,2013-07-03,290697,0,0,0,59522,0,0,0,n/a,n/a,n/a,n/a,n/a,n/a,n/a,3941,n/a,
26-Jun-13,2013-06-26,290518,0,0,0,59264,0,0,0,n/a,n/a,n/a,n/a,n/a,n/a,n/a,3915,n/a,
19-Jun-13,2013-06-19,290587,0,0,0,59101,0,0,0,n/a,n/a,n/a,n/a,n/a,n/a,n/a,3846,n/a,
12-Jun-13,2013-06-12,289955,0,0,0,59110,0,0,0,n/a,n/a,n/a,n/a,n/a,n/a,n/a,3836,n/a,
05-Jun-13,2013-06-05,287898,0,0,0,59132,0,0,0,n/a,n/a,n/a,n/a,n/a,n/a,n/a,3913,n/a,
29-May-13,2013-05-29,288739,0,0,0,59512,0,0,0,n/a,n/a,n/a,n/a,n/a,n/a,n/a,3984,n/a,
22-May-13,2013-05-22,289286,0,0,0,58889,0,0,0,n/a,n/a,n/a,n/a,n/a,n/a,n/a,4009,n/a,
15-May-13,2013-05-15,289598,0,0,0,58754,0,0,0,n/a,n/a,n/a,n/a,n/a,n/a,n/a,3962,n/a,
08-May-13,2013-05-08,289882,0,0,0,59237,0,0,0,n/a,n/a,n/a,n/a,n/a,n/a,n/a,3877,n/a,
01-May-13,2013-05-01,286412,0,0,0,58972,0,0,0,n/a,n/a,n/a,n/a,n/a,n/a,n/a,3874,n/a,
24-Apr-13,2013-04-24,286409,0,0,0,58508,0,0,0,n/a,n/a,n/a,n/a,n/a,n/a,n/a,3953,n/a,
17-Apr-13,2013-04-17,286447,0,0,0,58356,0,0,0,n/a,n/a,n/a,n/a,n/a,n/a,n/a,3961,n/a,
10-Apr-13,2013-04-10,286481,0,0,0,58676,0,0,0,n/a,n/a,n/a,n/a,n/a,n/a,n/a,3936,n/a,
03-Apr-13,2013-04-03,281182,0,0,0,59587,0,0,0,n/a,n/a,n/a,n/a,n/a,n/a,n/a,4006,n/a,
27-Mar-13,2013-03-27,278830,0,0,0,59083,0,0,0,n/a,n/a,n/a,n/a,n/a,n/a,n/a,4009,n/a,
20-Mar-13,2013-03-20,278781,0,0,0,58018,0,0,0,n/a,n/a,n/a,n/a,n/a,n/a,n/a,4006,n/a,
13-Mar-13,2013-03-13,276655,0,0,0,57880,0,0,0,n/a,n/a,n/a,n/a,n/a,n/a,n/a,5383,n/a,
06-Mar-13,2013-03-06,280508,0,0,0,57766,0,0,0,n/a,n/a,n/a,n/a,n/a,n/a,n/a,4006,n/a,
27-Feb-13,2013-02-27,279399,0,0,0,57661,0,0,0,n/a,n/a,n/a,n/a,n/a,n/a,n/a,3987,n/a,
20-Feb-13,2013-02-20,279727,0,0,0,57242,0,0,0,n/a,n/a,n/a,n/a,n/a,n/a,n/a,3943,n/a,
13-Feb-13,2013-02-13,278027,0,0,0,57176,0,0,0,n/a,n/a,n/a,n/a,n/a,n/a,n/a,3882,n/a,
06-Feb-13,2013-02-06,272056,0,0,0,57194,0,0,0,n/a,n/a,n/a,n/a,n/a,n/a,n/a,3857,n/a,
30-Jan-13,2013-01-30,272248,0,0,0,57169,0,0,0,n/a,n/a,n/a,n/a,n/a,n/a,n/a,3825,n/a,
23-Jan-13,2013-01-23,273214,0,0,0,57046,0,0,0,n/a,n/a,n/a,n/a,n/a,n/a,n/a,3814,n/a,
16-Jan-13,2013-01-16,278180,0,0,0,57146,0,0,0,n/a,n/a,n/a,n/a,n/a,n/a,n/a,3778,n/a,
09-Jan-13,2013-01-09,276817,0,0,0,57954,0,0,0,n/a,n/a,n/a,n/a,n/a,n/a,n/a,3776,n/a,
02-Jan-13,2013-01-02,271426,0,0,0,60085,0,0,0,n/a,n/a,n/a,n/a,n/a,n/a,n/a,3712,n/a,
26-Dec-12,2012-12-26,271149,0,0,0,60621,0,0,0,n/a,n/a,n/a,n/a,n/a,n/a,n/a,3738,n/a,
19-Dec-12,2012-12-19,274966,0,0,0,59774,0,0,0,n/a,n/a,n/a,n/a,n/a,n/a,n/a,3716,n/a,
12-Dec-12,2012-12-12,277013,0,0,0,58803,0,0,0,n/a,n/a,n/a,n/a,n/a,n/a,n/a,3754,n/a,
05-Dec-12,2012-12-05,279609,0,0,0,58445,0,0,0,n/a,n/a,n/a,n/a,n/a,n/a,n/a,3760,n/a,
28-Nov-12,2012-11-28,280236,0,0,0,57962,0,0,0,n/a,n/a,n/a,n/a,n/a,n/a,n/a,3784,n/a,
21-Nov-12,2012-11-21,281745,0,0,0,57537,0,0,0,n/a,n/a,n/a,n/a,n/a,n/a,n/a,3796,n/a,
14-Nov-12,2012-11-14,281161,0,0,0,57602,0,0,0,n/a,n/a,n/a,n/a,n/a,n/a,n/a,3820,n/a,
07-Nov-12,2012-11-07,281894,0,0,0,57531,0,0,0,n/a,n/a,n/a,n/a,n/a,n/a,n/a,3786,n/a,
31-Oct-12,2012-10-31,280715,0,0,0,57670,0,0,0,n/a,n/a,n/a,n/a,n/a,n/a,n/a,3759,n/a,
24-Oct-12,2012-10-24,277247,0,0,0,57292,0,0,0,n/a,n/a,n/a,n/a,n/a,n/a,n/a,3778,n/a,
17-Oct-12,2012-10-17,275186,0,0,0,57138,0,0,0,n/a,n/a,n/a,n/a,n/a,n/a,n/a,3748,n/a,
10-Oct-12,2012-10-10,272143,0,0,0,57083,0,0,0,n/a,n/a,n/a,n/a,n/a,n/a,n/a,3783,n/a,
03-Oct-12,2012-10-03,269072,0,0,0,57345,0,0,0,n/a,n/a,n/a,n/a,n/a,n/a,n/a,3773,n/a,
26-Sep-12,2012-09-26,266460,0,0,0,57064,0,0,0,n/a,n/a,n/a,n/a,n/a,n/a,n/a,3753,n/a,
19-Sep-12,2012-09-19,262639,0,0,0,56958,0,0,0,n/a,n/a,n/a,n/a,n/a,n/a,n/a,3737,n/a,
12-Sep-12,2012-09-12,259831,0,0,0,57237,0,0,0,n/a,n/a,n/a,n/a,n/a,n/a,n/a,3765,n/a,
05-Sep-12,2012-09-05,260246,0,0,0,57553,0,0,0,n/a,n/a,n/a,n/a,n/a,n/a,n/a,3811,n/a,
29-Aug-12,2012-08-29,256543,0,0,0,57682,0,0,0,n/a,n/a,n/a,n/a,n/a,n/a,n/a,3829,n/a,
22-Aug-12,2012-08-22,255586,0,0,0,57347,0,0,0,n/a,n/a,n/a,n/a,n/a,n/a,n/a,3834,n/a,
15-Aug-12,2012-08-15,251906,0,0,0,57188,0,0,0,n/a,n/a,n/a,n/a,n/a,n/a,n/a,3861,n/a,
08-Aug-12,2012-08-08,248181,0,0,0,57362,0,0,0,n/a,n/a,n/a,n/a,n/a,n/a,n/a,3874,n/a,
01-Aug-12,2012-08-01,246060,0,0,0,57413,0,0,0,n/a,n/a,n/a,n/a,n/a,n/a,n/a,3894,n/a,
25-Jul-12,2012-07-25,242432,0,0,0,57207,0,0,0,n/a,n/a,n/a,n/a,n/a,n/a,n/a,3923,n/a,
18-Jul-12,2012-07-18,237557,0,0,0,56788,0,0,0,n/a,n/a,n/a,n/a,n/a,n/a,n/a,3885,n/a,
11-Jul-12,2012-07-11,231803,0,0,0,56838,0,0,0,n/a,n/a,n/a,n/a,n/a,n/a,n/a,3898,n/a,
04-Jul-12,2012-07-04,229604,0,0,0,56797,0,0,0,n/a,n/a,n/a,n/a,n/a,n/a,n/a,3891,n/a,
27-Jun-12,2012-06-27,230282,0,0,0,56557,0,0,0,n/a,n/a,n/a,n/a,n/a,n/a,n/a,3897,n/a,
20-Jun-12,2012-06-20,226179,0,0,0,56178,0,0,0,n/a,n/a,n/a,n/a,n/a,n/a,n/a,3851,n/a,
13-Jun-12,2012-06-13,227237,0,0,0,56492,0,0,0,n/a,n/a,n/a,n/a,n/a,n/a,n/a,3888,n/a,
06-Jun-12,2012-06-06,229131,0,0,0,57194,0,0,0,n/a,n/a,n/a,n/a,n/a,n/a,n/a,3918,n/a,
30-May-12,2012-05-30,229369,0,0,0,56183,0,0,0,n/a,n/a,n/a,n/a,n/a,n/a,n/a,3899,n/a,
23-May-12,2012-05-23,230031,0,0,0,55520,0,0,0,n/a,n/a,n/a,n/a,n/a,n/a,n/a,3852,n/a,
16-May-12,2012-05-16,231216,0,0,0,55529,0,0,0,n/a,n/a,n/a,n/a,n/a,n/a,n/a,3803,n/a,
09-May-12,2012-05-09,231187,0,0,0,55942,0,0,0,n/a,n/a,n/a,n/a,n/a,n/a,n/a,3764,n/a,
02-May-12,2012-05-02,230146,0,0,0,55539,0,0,0,n/a,n/a,n/a,n/a,n/a,n/a,n/a,3742,n/a,
25-Apr-12,2012-04-25,226233,0,0,0,55276,0,0,0,n/a,n/a,n/a,n/a,n/a,n/a,n/a,3763,n/a,
18-Apr-12,2012-04-18,220101,0,0,0,55662,0,0,0,n/a,n/a,n/a,n/a,n/a,n/a,n/a,3784,n/a,
11-Apr-12,2012-04-11,215294,0,0,0,56561,0,0,0,n/a,n/a,n/a,n/a,n/a,n/a,n/a,3813,n/a,
04-Apr-12,2012-04-04,210767,0,0,0,56331,0,0,0,n/a,n/a,n/a,n/a,n/a,n/a,n/a,3818,n/a,
28-Mar-12,2012-03-28,206987,0,0,0,55278,0,0,0,n/a,n/a,n/a,n/a,n/a,n/a,n/a,3826,n/a,
21-Mar-12,2012-03-21,204514,0,0,0,55022,0,0,0,n/a,n/a,n/a,n/a,n/a,n/a,n/a,3821,n/a,
14-Mar-12,2012-03-14,201491,0,0,0,55015,0,0,0,n/a,n/a,n/a,n/a,n/a,n/a,n/a,5134,n/a,
07-Mar-12,2012-03-07,196101,0,0,0,55269,0,0,0,n/a,n/a,n/a,n/a,n/a,n/a,n/a,5135,n/a,
29-Feb-12,2012-02-29,195587,0,0,0,54921,0,0,0,n/a,n/a,n/a,n/a,n/a,n/a,n/a,5048,n/a,
22-Feb-12,2012-02-22,192156,0,0,0,54733,0,0,0,n/a,n/a,n/a,n/a,n/a,n/a,n/a,3875,n/a,
15-Feb-12,2012-02-15,188975,0,0,0,54568,0,0,0,n/a,n/a,n/a,n/a,n/a,n/a,n/a,3870,n/a,
08-Feb-12,2012-02-08,185831,0,0,0,54655,0,0,0,n/a,n/a,n/a,n/a,n/a,n/a,n/a,3840,n/a,
01-Feb-12,2012-02-01,184047,0,0,0,54670,0,0,0,n/a,n/a,n/a,n/a,n/a,n/a,n/a,3833,n/a,
25-Jan-12,2012-01-25,179033,0,0,0,54527,0,0,0,n/a,n/a,n/a,n/a,n/a,n/a,n/a,3898,n/a,
18-Jan-12,2012-01-18,174323,0,0,0,54584,0,0,0,n/a,n/a,n/a,n/a,n/a,n/a,n/a,3944,n/a,
11-Jan-12,2012-01-11,173551,0,0,0,55206,0,0,0,n/a,n/a,n/a,n/a,n/a,n/a,n/a,3956,n/a,
04-Jan-12,2012-01-04,167141,0,0,0,56615,0,0,0,n/a,n/a,n/a,n/a,n/a,n/a,n/a,3890,n/a,
28-Dec-11,2011-12-28,164040,0,0,0,57832,0,0,0,n/a,n/a,n/a,n/a,n/a,n/a,n/a,3921,n/a,
21-Dec-11,2011-12-21,165103,0,0,0,57376,0,0,0,n/a,n/a,n/a,n/a,n/a,n/a,n/a,3874,n/a,
14-Dec-11,2011-12-14,166100,0,0,0,56526,0,0,0,n/a,n/a,n/a,n/a,n/a,n/a,n/a,3940,n/a,
07-Dec-11,2011-12-07,160378,0,0,0,56149,0,0,0,n/a,n/a,n/a,n/a,n/a,n/a,n/a,3876,n/a,
30-Nov-11,2011-11-30,159879,0,0,0,55754,0,0,0,n/a,n/a,n/a,n/a,n/a,n/a,n/a,3858,n/a,
23-Nov-11,2011-11-23,155203,0,0,0,55252,0,0,0,n/a,n/a,n/a,n/a,n/a,n/a,n/a,3910,n/a,
16-Nov-11,2011-11-16,151601,0,0,0,55107,0,0,0,n/a,n/a,n/a,n/a,n/a,n/a,n/a,3847,n/a,
09-Nov-11,2011-11-09,147465,0,0,0,55008,0,0,0,n/a,n/a,n/a,n/a,n/a,n/a,n/a,3812,n/a,
02-Nov-11,2011-11-02,143395,0,0,0,55061,0,0,0,n/a,n/a,n/a,n/a,n/a,n/a,n/a,3809,n/a,
26-Oct-11,2011-10-26,138860,0,0,0,54877,0,0,0,n/a,n/a,n/a,n/a,n/a,n/a,n/a,3819,n/a,
19-Oct-11,2011-10-19,133819,0,0,0,54513,0,0,0,n/a,n/a,n/a,n/a,n/a,n/a,n/a,3840,n/a,
12-Oct-11,2011-10-12,128402,0,0,0,54576,0,0,0,n/a,n/a,n/a,n/a,n/a,n/a,n/a,3851,n/a,
05-Oct-11,2011-10-05,125953,0,0,0,54546,0,0,0,n/a,n/a,n/a,n/a,n/a,n/a,n/a,3944,n/a,
28-Sep-11,2011-09-28,126023,0,0,0,54607,0,0,0,n/a,n/a,n/a,n/a,n/a,n/a,n/a,3891,n/a,
21-Sep-11,2011-09-21,125526,0,0,0,54465,0,0,0,n/a,n/a,n/a,n/a,n/a,n/a,n/a,3911,n/a,
14-Sep-11,2011-09-14,123430,0,0,0,54410,0,0,0,n/a,n/a,n/a,n/a,n/a,n/a,n/a,3876,n/a,
07-Sep-11,2011-09-07,123941,0,0,0,54430,0,0,0,n/a,n/a,n/a,n/a,n/a,n/a,n/a,3827,n/a,
31-Aug-11,2011-08-31,126379,0,0,0,55122,0,0,0,n/a,n/a,n/a,n/a,n/a,n/a,n/a,3751,n/a,
24-Aug-11,2011-08-24,127196,0,0,0,54400,0,0,0,n/a,n/a,n/a,n/a,n/a,n/a,n/a,3722,n/a,
17-Aug-11,2011-08-17,127978,0,0,0,54103,0,0,0,n/a,n/a,n/a,n/a,n/a,n/a,n/a,3689,n/a,
10-Aug-11,2011-08-10,128307,0,0,0,54250,0,0,0,n/a,n/a,n/a,n/a,n/a,n/a,n/a,3789,n/a,
03-Aug-11,2011-08-03,128302,0,0,0,54292,0,0,0,n/a,n/a,n/a,n/a,n/a,n/a,n/a,3718,n/a,
27-Jul-11,2011-07-27,127856,0,0,0,54186,0,0,0,n/a,n/a,n/a,n/a,n/a,n/a,n/a,3729,n/a,
20-Jul-11,2011-07-20,127531,0,0,0,54125,0,0,0,n/a,n/a,n/a,n/a,n/a,n/a,n/a,3776,n/a,
13-Jul-11,2011-07-13,125951,0,0,0,54209,0,0,0,n/a,n/a,n/a,n/a,n/a,n/a,n/a,3791,n/a,
06-Jul-11,2011-07-06,127445,0,0,0,54146,0,0,0,n/a,n/a,n/a,n/a,n/a,n/a,n/a,3815,n/a,
29-Jun-11,2011-06-29,127423,0,0,0,53880,0,0,0,n/a,n/a,n/a,n/a,n/a,n/a,n/a,3801,n/a,
22-Jun-11,2011-06-22,127999,0,0,0,53434,0,0,0,n/a,n/a,n/a,n/a,n/a,n/a,n/a,3783,n/a,
15-Jun-11,2011-06-15,129315,0,0,0,53458,0,0,0,n/a,n/a,n/a,n/a,n/a,n/a,n/a,3756,n/a,
08-Jun-11,2011-06-08,129033,0,0,0,53489,0,0,0,n/a,n/a,n/a,n/a,n/a,n/a,n/a,3730,n/a,
01-Jun-11,2011-06-01,130747,0,0,0,53982,0,0,0,n/a,n/a,n/a,n/a,n/a,n/a,n/a,3723,n/a,
25-May-11,2011-05-25,130972,0,0,0,53376,0,0,0,n/a,n/a,n/a,n/a,n/a,n/a,n/a,3746,n/a,
18-May-11,2011-05-18,131244,0,0,0,52867,0,0,0,n/a,n/a,n/a,n/a,n/a,n/a,n/a,3774,n/a,
11-May-11,2011-05-11,132138,0,0,0,53216,0,0,0,n/a,n/a,n/a,n/a,n/a,n/a,n/a,3701,n/a,
04-May-11,2011-05-04,131740,0,0,0,54053,0,0,0,n/a,n/a,n/a,n/a,n/a,n/a,n/a,3684,n/a,
27-Apr-11,2011-04-27,131411,0,0,0,54544,0,0,0,n/a,n/a,n/a,n/a,n/a,n/a,n/a,3682,n/a,
20-Apr-11,2011-04-20,132054,0,0,0,53240,0,0,0,n/a,n/a,n/a,n/a,n/a,n/a,n/a,3706,n/a,
13-Apr-11,2011-04-13,132652,0,0,0,52291,0,0,0,n/a,n/a,n/a,n/a,n/a,n/a,n/a,3729,n/a,
06-Apr-11,2011-04-06,134032,0,0,0,52326,0,0,0,n/a,n/a,n/a,n/a,n/a,n/a,n/a,3713,n/a,
30-Mar-11,2011-03-30,133968,0,0,0,52338,0,0,0,n/a,n/a,n/a,n/a,n/a,n/a,n/a,3776,n/a,
23-Mar-11,2011-03-23,134331,0,0,0,51970,0,0,0,n/a,n/a,n/a,n/a,n/a,n/a,n/a,3742,n/a,
16-Mar-11,2011-03-16,134006,0,0,0,51793,0,0,0,n/a,n/a,n/a,n/a,n/a,n/a,n/a,5049,n/a,
09-Mar-11,2011-03-09,135928,0,0,0,51833,0,0,0,n/a,n/a,n/a,n/a,n/a,n/a,n/a,4977,n/a,
02-Mar-11,2011-03-02,138867,0,0,0,51924,0,0,0,n/a,n/a,n/a,n/a,n/a,n/a,n/a,4949,n/a,
23-Feb-11,2011-02-23,137899,0,0,0,51628,0,0,0,n/a,n/a,n/a,n/a,n/a,n/a,n/a,3740,n/a,
16-Feb-11,2011-02-16,138015,0,0,0,51542,0,0,0,n/a,n/a,n/a,n/a,n/a,n/a,n/a,3783,n/a,
09-Feb-11,2011-02-09,138846,0,0,0,51556,0,0,0,n/a,n/a,n/a,n/a,n/a,n/a,n/a,3767,n/a,
02-Feb-11,2011-02-02,139239,0,0,0,51671,0,0,0,n/a,n/a,n/a,n/a,n/a,n/a,n/a,3753,n/a,
26-Jan-11,2011-01-26,139132,0,0,0,51712,0,0,0,n/a,n/a,n/a,n/a,n/a,n/a,n/a,3826,n/a,
19-Jan-11,2011-01-19,138664,0,0,0,51776,0,0,0,n/a,n/a,n/a,n/a,n/a,n/a,n/a,3804,n/a,
12-Jan-11,2011-01-12,140020,0,0,0,52180,0,0,0,n/a,n/a,n/a,n/a,n/a,n/a,n/a,3872,n/a,
05-Jan-11,2011-01-05,139165,0,0,0,53364,0,0,0,n/a,n/a,n/a,n/a,n/a,n/a,n/a,3928,n/a,
29-Dec-10,2010-12-29,138349,0,0,0,54807,0,0,0,n/a,n/a,n/a,n/a,n/a,n/a,n/a,3938,n/a,
22-Dec-10,2010-12-22,138321,0,0,0,54657,0,0,0,n/a,n/a,n/a,n/a,n/a,n/a,n/a,3948,n/a,
15-Dec-10,2010-12-15,139699,0,0,0,53165,0,0,0,n/a,n/a,n/a,n/a,n/a,n/a,n/a,3891,n/a,
08-Dec-10,2010-12-08,140041,0,0,0,52899,0,0,0,n/a,n/a,n/a,n/a,n/a,n/a,n/a,3857,n/a,
01-Dec-10,2010-12-01,143357,0,0,0,52475,0,0,0,n/a,n/a,n/a,n/a,n/a,n/a,n/a,3913,n/a,
24-Nov-10,2010-11-24,144327,0,0,0,51756,0,0,0,n/a,n/a,n/a,n/a,n/a,n/a,n/a,3864,n/a,
17-Nov-10,2010-11-17,142354,0,0,0,51459,0,0,0,n/a,n/a,n/a,n/a,n/a,n/a,n/a,3834,n/a,
10-Nov-10,2010-11-10,143538,0,0,0,51391,0,0,0,n/a,n/a,n/a,n/a,n/a,n/a,n/a,3808,n/a,
03-Nov-10,2010-11-03,143755,0,0,0,51513,0,0,0,n/a,n/a,n/a,n/a,n/a,n/a,n/a,3805,n/a,
27-Oct-10,2010-10-27,143329,0,0,0,51520,0,0,0,n/a,n/a,n/a,n/a,n/a,n/a,n/a,3875,n/a,
20-Oct-10,2010-10-20,142878,0,0,0,51145,0,0,0,n/a,n/a,n/a,n/a,n/a,n/a,n/a,3860,n/a,
13-Oct-10,2010-10-13,142714,0,0,0,51145,0,0,0,n/a,n/a,n/a,n/a,n/a,n/a,n/a,3865,n/a,
06-Oct-10,2010-10-06,143692,0,0,0,51209,0,0,0,n/a,n/a,n/a,n/a,n/a,n/a,n/a,3851,n/a,
29-Sep-10,2010-09-29,143841,0,0,0,51367,0,0,0,n/a,n/a,n/a,n/a,n/a,n/a,n/a,3871,n/a,
22-Sep-10,2010-09-22,143847,0,0,0,51050,0,0,0,n/a,n/a,n/a,n/a,n/a,n/a,n/a,3905,n/a,
15-Sep-10,2010-09-15,143594,0,0,0,50988,0,0,0,n/a,n/a,n/a,n/a,n/a,n/a,n/a,3909,n/a,
08-Sep-10,2010-09-08,144195,0,0,0,51438,0,0,0,n/a,n/a,n/a,n/a,n/a,n/a,n/a,3946,n/a,
01-Sep-10,2010-09-01,146421,0,0,0,52300,0,0,0,n/a,n/a,n/a,n/a,n/a,n/a,n/a,3953,n/a,
25-Aug-10,2010-08-25,147556,0,0,0,51392,0,0,0,n/a,n/a,n/a,n/a,n/a,n/a,n/a,3963,n/a,
18-Aug-10,2010-08-18,151082,0,0,0,51105,0,0,0,n/a,n/a,n/a,n/a,n/a,n/a,n/a,3911,n/a,
11-Aug-10,2010-08-11,151676,0,0,0,51089,0,0,0,n/a,n/a,n/a,n/a,n/a,n/a,n/a,3905,n/a,
04-Aug-10,2010-08-04,151165,0,0,0,51383,0,0,0,n/a,n/a,n/a,n/a,n/a,n/a,n/a,3846,n/a,
28-Jul-10,2010-07-28,151116,0,0,0,51285,0,0,0,n/a,n/a,n/a,n/a,n/a,n/a,n/a,3903,n/a,
21-Jul-10,2010-07-21,150937,0,0,0,51037,0,0,0,n/a,n/a,n/a,n/a,n/a,n/a,n/a,4008,n/a,
14-Jul-10,2010-07-14,148110,0,0,0,51063,0,0,0,n/a,n/a,n/a,n/a,n/a,n/a,n/a,3986,n/a,
07-Jul-10,2010-07-07,150041,0,0,0,51267,0,0,0,n/a,n/a,n/a,n/a,n/a,n/a,n/a,4007,n/a,
30-Jun-10,2010-06-30,149534,0,0,0,51412,0,0,0,n/a,n/a,n/a,n/a,n/a,n/a,n/a,4067,n/a,
23-Jun-10,2010-06-23,149685,0,0,0,51145,0,0,0,n/a,n/a,n/a,n/a,n/a,n/a,n/a,4081,n/a,
16-Jun-10,2010-06-16,149003,0,0,0,51206,0,0,0,n/a,n/a,n/a,n/a,n/a,n/a,n/a,4093,n/a,
09-Jun-10,2010-06-09,149564,0,0,0,51302,0,0,0,n/a,n/a,n/a,n/a,n/a,n/a,n/a,4159,n/a,
02-Jun-10,2010-06-02,150899,0,0,0,51871,0,0,0,n/a,n/a,n/a,n/a,n/a,n/a,n/a,4163,n/a,
26-May-10,2010-05-26,150918,0,0,0,51164,0,0,0,n/a,n/a,n/a,n/a,n/a,n/a,n/a,4202,n/a,
19-May-10,2010-05-19,150934,0,0,0,50920,0,0,0,n/a,n/a,n/a,n/a,n/a,n/a,n/a,4230,n/a,
12-May-10,2010-05-12,151440,0,0,0,50850,0,0,0,n/a,n/a,n/a,n/a,n/a,n/a,n/a,4087,n/a,
05-May-10,2010-05-05,150509,0,0,0,51469,0,0,0,n/a,n/a,n/a,n/a,n/a,n/a,n/a,4017,n/a,
28-Apr-10,2010-04-28,151493,0,0,0,50745,0,0,0,n/a,n/a,n/a,n/a,n/a,n/a,n/a,3995,n/a,
21-Apr-10,2010-04-21,151808,0,0,0,50514,0,0,0,n/a,n/a,n/a,n/a,n/a,n/a,n/a,3945,n/a,
14-Apr-10,2010-04-14,151924,0,0,0,50611,0,0,0,n/a,n/a,n/a,n/a,n/a,n/a,n/a,3930,n/a,
07-Apr-10,2010-04-07,152307,0,0,0,51809,0,0,0,n/a,n/a,n/a,n/a,n/a,n/a,n/a,3992,n/a,
31-Mar-10,2010-03-31,152945,0,0,0,51249,0,0,0,n/a,n/a,n/a,n/a,n/a,n/a,n/a,4006,n/a,
24-Mar-10,2010-03-24,153404,0,0,0,50400,0,0,0,n/a,n/a,n/a,n/a,n/a,n/a,n/a,4071,n/a,
17-Mar-10,2010-03-17,150034,0,0,0,50041,0,0,0,n/a,n/a,n/a,n/a,n/a,n/a,n/a,5287,n/a,
10-Mar-10,2010-03-10,150352,0,0,0,49866,0,0,0,n/a,n/a,n/a,n/a,n/a,n/a,n/a,5403,n/a,
03-Mar-10,2010-03-03,154642,0,0,0,49798,0,0,0,n/a,n/a,n/a,n/a,n/a,n/a,n/a,4049,n/a,
24-Feb-10,2010-02-24,155646,0,0,0,49628,0,0,0,n/a,n/a,n/a,n/a,n/a,n/a,n/a,3950,n/a,
17-Feb-10,2010-02-17,155165,0,0,0,49486,0,0,0,n/a,n/a,n/a,n/a,n/a,n/a,n/a,3881,n/a,
10-Feb-10,2010-02-10,154730,0,0,0,49531,0,0,0,n/a,n/a,n/a,n/a,n/a,n/a,n/a,3915,n/a,
03-Feb-10,2010-02-03,160079,0,0,0,49615,0,0,0,n/a,n/a,n/a,n/a,n/a,n/a,n/a,3832,n/a,
27-Jan-10,2010-01-27,159434,0,0,0,49488,0,0,0,n/a,n/a,n/a,n/a,n/a,n/a,n/a,3774,n/a,
20-Jan-10,2010-01-20,156592,0,0,0,49496,0,0,0,n/a,n/a,n/a,n/a,n/a,n/a,n/a,3753,n/a,
13-Jan-10,2010-01-13,151976,0,0,0,50036,0,0,0,n/a,n/a,n/a,n/a,n/a,n/a,n/a,3753,n/a,
06-Jan-10,2010-01-06,147181,0,0,0,51215,0,0,0,n/a,n/a,n/a,n/a,n/a,n/a,n/a,3814,n/a,
30-Dec-09,2009-12-30,144026,0,0,0,52866,0,0,0,n/a,n/a,n/a,n/a,n/a,n/a,n/a,3810,n/a,
23-Dec-09,2009-12-23,144446,0,0,0,53078,0,0,0,n/a,n/a,n/a,n/a,n/a,n/a,n/a,3826,n/a,
16-Dec-09,2009-12-16,147356,0,0,0,51077,0,0,0,n/a,n/a,n/a,n/a,n/a,n/a,n/a,3731,n/a,
09-Dec-09,2009-12-09,145872,0,0,0,50273,0,0,0,n/a,n/a,n/a,n/a,n/a,n/a,n/a,3777,n/a,
02-Dec-09,2009-12-02,147452,0,0,0,50033,0,0,0,n/a,n/a,n/a,n/a,n/a,n/a,n/a,3680,n/a,
25-Nov-09,2009-11-25,145583,0,0,0,49278,0,0,0,n/a,n/a,n/a,n/a,n/a,n/a,n/a,3682,n/a,
18-Nov-09,2009-11-18,150483,0,0,0,47234,0,0,0,n/a,n/a,n/a,n/a,n/a,n/a,n/a,3661,n/a,
11-Nov-09,2009-11-11,147528,0,0,0,47193,0,0,0,n/a,n/a,n/a,n/a,n/a,n/a,n/a,3697,n/a,
04-Nov-09,2009-11-04,151727,0,0,0,47334,0,0,0,n/a,n/a,n/a,n/a,n/a,n/a,n/a,3691,n/a,
28-Oct-09,2009-10-28,150669,0,0,0,47164,0,0,0,n/a,n/a,n/a,n/a,n/a,n/a,n/a,3739,n/a,
21-Oct-09,2009-10-21,146633,0,0,0,46998,0,0,0,n/a,n/a,n/a,n/a,n/a,n/a,n/a,3681,n/a,
14-Oct-09,2009-10-14,140779,0,0,0,46922,0,0,0,n/a,n/a,n/a,n/a,n/a,n/a,n/a,3839,n/a,
07-Oct-09,2009-10-07,136421,0,0,0,46958,0,0,0,n/a,n/a,n/a,n/a,n/a,n/a,n/a,3852,n/a,
30-Sep-09,2009-09-30,138591,0,0,0,47040,0,0,0,n/a,n/a,n/a,n/a,n/a,n/a,n/a,3834,n/a,
23-Sep-09,2009-09-23,135025,0,0,0,46698,0,0,0,n/a,n/a,n/a,n/a,n/a,n/a,n/a,3728,n/a,
16-Sep-09,2009-09-16,139814,0,0,0,46736,0,0,0,n/a,n/a,n/a,n/a,n/a,n/a,n/a,3712,n/a,
09-Sep-09,2009-09-09,135833,0,0,0,47307,0,0,0,n/a,n/a,n/a,n/a,n/a,n/a,n/a,3701,n/a,
02-Sep-09,2009-09-02,137648,0,0,0,47320,0,0,0,n/a,n/a,n/a,n/a,n/a,n/a,n/a,3776,n/a,
26-Aug-09,2009-08-26,136357,0,0,0,46740,0,0,0,n/a,n/a,n/a,n/a,n/a,n/a,n/a,3778,n/a,
19-Aug-09,2009-08-19,137850,0,0,0,46556,0,0,0,n/a,n/a,n/a,n/a,n/a,n/a,n/a,3716,n/a,
12-Aug-09,2009-08-12,133654,0,0,0,46671,0,0,0,n/a,n/a,n/a,n/a,n/a,n/a,n/a,3700,n/a,
05-Aug-09,2009-08-05,163866,0,0,0,46761,0,30080,0,n/a,n/a,n/a,n/a,n/a,n/a,n/a,3609,n/a,
29-Jul-09,2009-07-29,161288,0,0,0,46754,0,29540,0,n/a,n/a,n/a,n/a,n/a,n/a,n/a,3729,n/a,
22-Jul-09,2009-07-22,158171,0,0,0,46522,0,30200,0,n/a,n/a,n/a,n/a,n/a,n/a,n/a,3732,n/a,
15-Jul-09,2009-07-15,153035,0,0,0,46509,0,11560,0,n/a,n/a,n/a,n/a,n/a,n/a,n/a,3732,n/a,
08-Jul-09,2009-07-08,147469,0,0,0,46454,0,11740,0,n/a,n/a,n/a,n/a,n/a,n/a,n/a,3815,n/a,
01-Jul-09,2009-07-01,140453,0,0,0,46413,0,0,0,n/a,n/a,n/a,n/a,n/a,n/a,n/a,3715,n/a,
24-Jun-09,2009-06-24,135300,0,0,0,46143,0,0,0,n/a,n/a,n/a,n/a,n/a,n/a,n/a,3706,n/a,
17-Jun-09,2009-06-17,129525,0,8370,0,46029,0,0,0,n/a,n/a,n/a,n/a,n/a,n/a,n/a,3754,n/a,
10-Jun-09,2009-06-10,121059,0,9690,0,46068,0,0,0,n/a,n/a,n/a,n/a,n/a,n/a,n/a,3718,n/a,
03-Jun-09,2009-06-03,115650,0,20399,0,46250,0,0,0,n/a,n/a,n/a,n/a,n/a,n/a,n/a,3740,n/a,
27-May-09,2009-05-27,109631,0,18980,0,46566,0,0,0,n/a,n/a,n/a,n/a,n/a,n/a,n/a,3823,n/a,
20-May-09,2009-05-20,102669,0,27190,0,45921,0,0,0,n/a,n/a,n/a,n/a,n/a,n/a,n/a,3932,n/a,
13-May-09,2009-05-13,95033,0,27540,0,45900,0,0,0,n/a,n/a,n/a,n/a,n/a,n/a,n/a,4053,n/a,
06-May-09,2009-05-06,87422,0,38740,0,46594,0,0,0,n/a,n/a,n/a,n/a,n/a,n/a,n/a,4071,n/a,
29-Apr-09,2009-04-29,80830,0,38550,0,45989,0,0,0,n/a,n/a,n/a,n/a,n/a,n/a,n/a,4143,n/a,
22-Apr-09,2009-04-22,79475,0,37009,0,46064,0,0,0,n/a,n/a,n/a,n/a,n/a,n/a,n/a,4209,n/a,
15-Apr-09,2009-04-15,68723,0,35710,0,47022,0,0,0,n/a,n/a,n/a,n/a,n/a,n/a,n/a,4089,n/a,
08-Apr-09,2009-04-08,69401,0,47900,0,46613,0,0,0,n/a,n/a,n/a,n/a,n/a,n/a,n/a,4175,n/a,
01-Apr-09,2009-04-01,58138,0,34950,0,45853,0,0,0,n/a,n/a,n/a,n/a,n/a,n/a,n/a,4261,n/a,
25-Mar-09,2009-03-25,44544,0,39880,0,45571,0,0,0,n/a,n/a,n/a,n/a,n/a,n/a,n/a,4190,n/a,
18-Mar-09,2009-03-18,50892,0,23800,0,45465,0,0,0,n/a,n/a,n/a,n/a,n/a,n/a,n/a,4365,n/a,
11-Mar-09,2009-03-11,36162,0,48310,0,44902,0,0,0,n/a,n/a,n/a,n/a,n/a,n/a,n/a,4402,n/a,
04-Mar-09,2009-03-04,31436,0,42220,0,44980,0,0,0,n/a,n/a,n/a,n/a,n/a,n/a,n/a,2903,n/a,
25-Feb-09,2009-02-25,46246,0,37185,0,44764,0,0,0,n/a,n/a,n/a,n/a,n/a,n/a,n/a,2878,n/a,
18-Feb-09,2009-02-18,33700,0,43940,0,44494,0,0,0,n/a,n/a,n/a,n/a,n/a,n/a,n/a,2893,n/a,
11-Feb-09,2009-02-11,42701,0,41323,0,44699,0,0,0,n/a,n/a,n/a,n/a,n/a,n/a,n/a,2864,n/a,
04-Feb-09,2009-02-04,35219,0,44839,0,44807,2000,0,0,n/a,n/a,n/a,n/a,n/a,n/a,n/a,2824,n/a,
28-Jan-09,2009-01-28,24022,0,64429,0,44670,0,0,0,n/a,n/a,n/a,n/a,n/a,n/a,n/a,2882,n/a,
21-Jan-09,2009-01-21,37881,0,76970,0,44752,0,0,0,n/a,n/a,n/a,n/a,n/a,n/a,n/a,5903,n/a,
14-Jan-09,2009-01-14,53388,0,101250,0,44972,0,0,0,n/a,n/a,n/a,n/a,n/a,n/a,n/a,5621,n/a,
07-Jan-09,2009-01-07,46409,180,30870,56300,45230,0,0,0,n/a,n/a,n/a,n/a,n/a,n/a,n/a,5499,n/a,
31-Dec-08,2008-12-31,48628,0,30858,49996,46886,0,0,0,n/a,n/a,n/a,n/a,n/a,n/a,n/a,5814,n/a,
24-Dec-08,2008-12-24,41415,0,33346,49988,49908,0,0,0,n/a,n/a,n/a,n/a,n/a,n/a,n/a,5711,n/a,
17-Dec-08,2008-12-17,37343,0,77929,n/a,45923,0,0,0,n/a,n/a,n/a,n/a,n/a,n/a,n/a,5534,n/a,
10-Dec-08,2008-12-10,49468,0,56310,n/a,45261,0,0,0,n/a,n/a,n/a,n/a,n/a,n/a,n/a,5459,n/a,
03-Dec-08,2008-12-03,38637,4512,65225,n/a,44836,0,0,0,n/a,n/a,n/a,n/a,n/a,n/a,n/a,5397,n/a,
26-Nov-08,2008-11-26,43797,0,60450,n/a,44524,0,0,0,n/a,n/a,n/a,n/a,n/a,n/a,n/a,5226,n/a,
19-Nov-08,2008-11-19,36590,0,52830,n/a,44103,0,0,0,n/a,n/a,n/a,n/a,n/a,n/a,n/a,5274,n/a,
12-Nov-08,2008-11-12,52904,8000,27320,n/a,44089,0,0,0,n/a,n/a,n/a,n/a,n/a,n/a,n/a,5270,n/a,
05-Nov-08,2008-11-05,49193,850,30620,n/a,43998,0,0,0,n/a,n/a,n/a,n/a,n/a,n/a,n/a,4992,n/a,
29-Oct-08,2008-10-29,42418,3600,47359,n/a,43876,0,0,0,n/a,n/a,n/a,n/a,n/a,n/a,n/a,4901,n/a,
22-Oct-08,2008-10-22,41861,27010,14750,n/a,43551,0,0,0,n/a,n/a,n/a,n/a,n/a,n/a,n/a,4917,n/a,
15-Oct-08,2008-10-15,52568,3700,19850,n/a,43304,0,0,0,n/a,n/a,n/a,n/a,n/a,n/a,n/a,4702,n/a,
08-Oct-08,2008-10-08,49301,24950,0,n/a,43061,0,14999,0,n/a,n/a,n/a,n/a,n/a,n/a,n/a,4754,n/a,
01-Oct-08,2008-10-01,55687,10000,n/a,n/a,42882,0,52799,0,n/a,n/a,n/a,n/a,n/a,n/a,n/a,4695,n/a,
24-Sep-08,2008-09-24,34449,19999,n/a,n/a,42769,0,66209,0,n/a,n/a,n/a,n/a,n/a,n/a,n/a,4585,n/a,
17-Sep-08,2008-09-17,50847,0,n/a,n/a,42618,24999,37521,0,n/a,n/a,n/a,n/a,n/a,n/a,n/a,4669,n/a,
10-Sep-08,2008-09-10,27592,0,n/a,n/a,42597,0,38789,0,n/a,n/a,n/a,n/a,n/a,n/a,n/a,4732,n/a,
03-Sep-08,2008-09-03,32347,0,n/a,n/a,42738,4422,38488,0,n/a,n/a,n/a,n/a,n/a,n/a,n/a,4745,n/a,
27-Aug-08,2008-08-27,28493,0,n/a,n/a,43209,0,34039,0,n/a,n/a,n/a,n/a,n/a,n/a,n/a,4618,n/a,
20-Aug-08,2008-08-20,29126,0,n/a,n/a,42530,0,33919,0,n/a,n/a,n/a,n/a,n/a,n/a,n/a,4576,n/a,
13-Aug-08,2008-08-13,27737,0,n/a,n/a,42375,0,32669,0,n/a,n/a,n/a,n/a,n/a,n/a,n/a,4578,n/a,
06-Aug-08,2008-08-06,29428,0,n/a,n/a,42553,1926,32089,0,n/a,n/a,n/a,n/a,n/a,n/a,n/a,4453,n/a,
30-Jul-08,2008-07-30,28046,0,n/a,n/a,42570,0,31669,0,n/a,n/a,n/a,n/a,n/a,n/a,n/a,4408,n/a,
23-Jul-08,2008-07-23,28623,0,n/a,n/a,42424,0,32969,0,n/a,n/a,n/a,n/a,n/a,n/a,n/a,4376,n/a,
16-Jul-08,2008-07-16,27943,0,n/a,n/a,42403,10000,21879,0,n/a,n/a,n/a,n/a,n/a,n/a,n/a,4413,n/a,
09-Jul-08,2008-07-09,28772,0,n/a,n/a,42374,820,21589,0,n/a,n/a,n/a,n/a,n/a,n/a,n/a,4432,n/a,
02-Jul-08,2008-07-02,26325,0,n/a,n/a,42429,0,19759,0,n/a,n/a,n/a,n/a,n/a,n/a,n/a,4415,n/a,
25-Jun-08,2008-06-25,28649,0,n/a,n/a,42180,0,20929,0,n/a,n/a,n/a,n/a,n/a,n/a,n/a,4408,n/a,
18-Jun-08,2008-06-18,23216,0,n/a,n/a,42029,0,16149,0,n/a,n/a,n/a,n/a,n/a,n/a,n/a,4419,n/a,
11-Jun-08,2008-06-11,28498,0,n/a,n/a,42017,0,15999,0,n/a,n/a,n/a,n/a,n/a,n/a,n/a,4411,n/a,
04-Jun-08,2008-06-04,32914,0,n/a,n/a,42158,7600,14179,0,n/a,n/a,n/a,n/a,n/a,n/a,n/a,4440,n/a,
28-May-08,2008-05-28,25632,0,n/a,n/a,42690,0,13949,0,n/a,n/a,n/a,n/a,n/a,n/a,n/a,4406,n/a,
21-May-08,2008-05-21,26300,0,n/a,n/a,41902,0,13779,0,n/a,n/a,n/a,n/a,n/a,n/a,n/a,4469,n/a,
14-May-08,2008-05-14,27127,0,n/a,n/a,41752,0,15299,0,n/a,n/a,n/a,n/a,n/a,n/a,n/a,4463,n/a,
07-May-08,2008-05-07,30985,0,n/a,n/a,42360,7120,12559,0,n/a,n/a,n/a,n/a,n/a,n/a,n/a,4438,n/a,
30-Apr-08,2008-04-30,22983,0,n/a,n/a,41729,0,10019,0,n/a,n/a,n/a,n/a,n/a,n/a,n/a,4396,n/a,
23-Apr-08,2008-04-23,28026,0,n/a,n/a,41413,0,13709,0,n/a,n/a,n/a,n/a,n/a,n/a,n/a,4444,n/a,
16-Apr-08,2008-04-16,28241,0,n/a,n/a,41452,0,11009,0,n/a,n/a,n/a,n/a,n/a,n/a,n/a,4477,n/a,
09-Apr-08,2008-04-09,26755,0,n/a,n/a,41518,0,13359,0,n/a,n/a,n/a,n/a,n/a,n/a,n/a,4463,n/a,
02-Apr-08,2008-04-02,27231,0,n/a,n/a,41903,0,13619,0,n/a,n/a,n/a,n/a,n/a,n/a,n/a,4410,n/a,
26-Mar-08,2008-03-26,23683,0,n/a,n/a,42951,0,10929,0,n/a,n/a,n/a,n/a,n/a,n/a,n/a,4396,n/a,
19-Mar-08,2008-03-19,27196,0,n/a,n/a,42255,4999,7769,0,n/a,n/a,n/a,n/a,n/a,n/a,n/a,4422,n/a,
12-Mar-08,2008-03-12,20896,0,n/a,n/a,41409,0,6239,0,n/a,n/a,n/a,n/a,n/a,n/a,n/a,4311,n/a,
05-Mar-08,2008-03-05,30979,0,n/a,n/a,41334,9690,5599,0,n/a,n/a,n/a,n/a,n/a,n/a,n/a,3343,n/a,
27-Feb-08,2008-02-27,22045,0,n/a,n/a,41140,0,5229,0,n/a,n/a,n/a,n/a,n/a,n/a,n/a,3315,n/a,
20-Feb-08,2008-02-20,23824,0,n/a,n/a,40933,0,6609,0,n/a,n/a,n/a,n/a,n/a,n/a,n/a,3327,n/a,
13-Feb-08,2008-02-13,22147,0,n/a,n/a,40756,0,5329,0,n/a,n/a,n/a,n/a,n/a,n/a,n/a,3284,n/a,
06-Feb-08,2008-02-06,23186,0,n/a,n/a,40768,2000,3619,0,n/a,n/a,n/a,n/a,n/a,n/a,n/a,3299,n/a,
30-Jan-08,2008-01-30,21928,0,n/a,n/a,40914,0,1269,0,n/a,n/a,n/a,n/a,n/a,n/a,n/a,3368,n/a,
23-Jan-08,2008-01-23,27115,0,n/a,n/a,40934,0,3740,0,n/a,n/a,n/a,n/a,n/a,n/a,n/a,4901,n/a,
16-Jan-08,2008-01-16,21447,0,n/a,n/a,41327,0,8039,0,n/a,n/a,n/a,n/a,n/a,n/a,n/a,4872,n/a,
09-Jan-08,2008-01-09,24791,1300,n/a,n/a,42043,0,2019,9998,n/a,n/a,n/a,n/a,n/a,n/a,n/a,4872,n/a,
02-Jan-08,2008-01-02,23611,0,n/a,n/a,44509,0,2440,9998,n/a,n/a,n/a,n/a,n/a,n/a,n/a,4856,n/a,
26-Dec-07,2007-12-26,25768,0,n/a,n/a,45022,0,4360,9998,n/a,n/a,n/a,n/a,n/a,n/a,n/a,4727,n/a,
24-Dec-07,2007-12-24,25768,0,n/a,n/a,45022,0,4360,9998,n/a,n/a,n/a,n/a,n/a,n/a,n/a,4727,n/a,
19-Dec-07,2007-12-19,24608,0,n/a,n/a,43862,0,10000,9998,n/a,n/a,n/a,n/a,n/a,n/a,n/a,4667,n/a,
12-Dec-07,2007-12-12,23470,0,n/a,n/a,42465,0,8739,9998,n/a,n/a,n/a,n/a,n/a,n/a,n/a,4637,n/a,
05-Dec-07,2007-12-05,21627,0,n/a,n/a,42115,0,16419,n/a,n/a,n/a,n/a,n/a,n/a,n/a,n/a,4680,n/a,
28-Nov-07,2007-11-28,23469,0,n/a,n/a,41716,0,18349,n/a,n/a,n/a,n/a,n/a,n/a,n/a,n/a,4602,n/a,
21-Nov-07,2007-11-21,24758,0,n/a,n/a,41260,0,21760,n/a,n/a,n/a,n/a,n/a,n/a,n/a,n/a,4653,n/a,
14-Nov-07,2007-11-14,22635,0,n/a,n/a,41044,0,21520,n/a,n/a,n/a,n/a,n/a,n/a,n/a,n/a,4586,n/a,
07-Nov-07,2007-11-07,22169,0,n/a,n/a,40835,0,21420,n/a,n/a,n/a,n/a,n/a,n/a,n/a,n/a,4490,n/a,
31-Oct-07,2007-10-31,20062,0,n/a,n/a,40817,0,20610,n/a,n/a,n/a,n/a,n/a,n/a,n/a,n/a,4492,n/a,
24-Oct-07,2007-10-24,24115,0,n/a,n/a,40610,0,25620,n/a,n/a,n/a,n/a,n/a,n/a,n/a,n/a,4502,n/a,
17-Oct-07,2007-10-17,21731,0,n/a,n/a,40529,0,26590,n/a,n/a,n/a,n/a,n/a,n/a,n/a,n/a,4499,n/a,
10-Oct-07,2007-10-10,20816,0,n/a,n/a,40523,0,27580,n/a,n/a,n/a,n/a,n/a,n/a,n/a,n/a,4473,n/a,
03-Oct-07,2007-10-03,26809,0,n/a,n/a,40611,0,33650,n/a,n/a,n/a,n/a,n/a,n/a,n/a,n/a,4482,n/a,
26-Sep-07,2007-09-26,29226,0,n/a,n/a,40425,0,40950,n/a,n/a,n/a,n/a,n/a,n/a,n/a,n/a,4521,n/a,
19-Sep-07,2007-09-19,29010,0,n/a,n/a,40406,4408,38390,n/a,n/a,n/a,n/a,n/a,n/a,n/a,n/a,4514,n/a,
12-Sep-07,2007-09-12,19812,0,n/a,n/a,40326,0,34480,n/a,n/a,n/a,n/a,n/a,n/a,n/a,n/a,4426,n/a,
05-Sep-07,2007-09-05,20594,0,n/a,n/a,40705,0,35690,n/a,n/a,n/a,n/a,n/a,n/a,n/a,n/a,4381,n/a,
29-Aug-07,2007-08-29,19023,0,n/a,n/a,41219,0,33400,n/a,n/a,n/a,n/a,n/a,n/a,n/a,n/a,4390,n/a,
22-Aug-07,2007-08-22,17640,0,n/a,n/a,40283,0,32410,n/a,n/a,n/a,n/a,n/a,n/a,n/a,n/a,4405,n/a,
15-Aug-07,2007-08-15,19068,0,n/a,n/a,40216,0,33330,n/a,n/a,n/a,n/a,n/a,n/a,n/a,n/a,4388,n/a,
08-Aug-07,2007-08-08,17895,0,n/a,n/a,40579,0,33000,n/a,n/a,n/a,n/a,n/a,n/a,n/a,n/a,4361,n/a,
01-Aug-07,2007-08-01,18072,0,n/a,n/a,40326,702,32365,n/a,n/a,n/a,n/a,n/a,n/a,n/a,n/a,4346,n/a,
25-Jul-07,2007-07-25,17220,0,n/a,n/a,40122,0,31950,n/a,n/a,n/a,n/a,n/a,n/a,n/a,n/a,4301,n/a,
18-Jul-07,2007-07-18,17769,0,n/a,n/a,39984,0,32440,n/a,n/a,n/a,n/a,n/a,n/a,n/a,n/a,4314,n/a,
11-Jul-07,2007-07-11,17571,0,n/a,n/a,39932,0,31810,n/a,n/a,n/a,n/a,n/a,n/a,n/a,n/a,4343,n/a,
04-Jul-07,2007-07-04,36558,0,n/a,n/a,39863,24350,26690,n/a,n/a,n/a,n/a,n/a,n/a,n/a,n/a,4341,n/a,
27-Jun-07,2007-06-27,17355,0,n/a,n/a,39787,0,31470,n/a,n/a,n/a,n/a,n/a,n/a,n/a,n/a,4334,n/a,
20-Jun-07,2007-06-20,18623,0,n/a,n/a,39571,0,32550,n/a,n/a,n/a,n/a,n/a,n/a,n/a,n/a,4333,n/a,
13-Jun-07,2007-06-13,17636,0,n/a,n/a,39632,0,31950,n/a,n/a,n/a,n/a,n/a,n/a,n/a,n/a,4339,n/a,
06-Jun-07,2007-06-06,18145,0,n/a,n/a,39606,0,31750,n/a,n/a,n/a,n/a,n/a,n/a,n/a,n/a,4351,n/a,
30-May-07,2007-05-30,17797,0,n/a,n/a,40285,0,32380,n/a,n/a,n/a,n/a,n/a,n/a,n/a,n/a,4371,n/a,
23-May-07,2007-05-23,16229,0,n/a,n/a,39486,0,30231,n/a,n/a,n/a,n/a,n/a,n/a,n/a,n/a,4357,n/a,
16-May-07,2007-05-16,18475,0,n/a,n/a,39271,0,31990,n/a,n/a,n/a,n/a,n/a,n/a,n/a,n/a,4393,n/a,
09-May-07,2007-05-09,17940,0,n/a,n/a,40025,0,31600,n/a,n/a,n/a,n/a,n/a,n/a,n/a,n/a,4361,n/a,
02-May-07,2007-05-02,17276,0,n/a,n/a,39173,0,31060,n/a,n/a,n/a,n/a,n/a,n/a,n/a,n/a,4383,n/a,
25-Apr-07,2007-04-25,17642,0,n/a,n/a,39054,0,31130,n/a,n/a,n/a,n/a,n/a,n/a,n/a,n/a,4366,n/a,
18-Apr-07,2007-04-18,19011,0,n/a,n/a,39134,0,32870,n/a,n/a,n/a,n/a,n/a,n/a,n/a,n/a,4345,n/a,
11-Apr-07,2007-04-11,17767,0,n/a,n/a,40098,0,32780,n/a,n/a,n/a,n/a,n/a,n/a,n/a,n/a,4364,n/a,
04-Apr-07,2007-04-04,18172,0,n/a,n/a,39447,784,31840,n/a,n/a,n/a,n/a,n/a,n/a,n/a,n/a,4354,n/a,
28-Mar-07,2007-03-28,18454,0,n/a,n/a,38661,0,31600,n/a,n/a,n/a,n/a,n/a,n/a,n/a,n/a,4379,n/a,
21-Mar-07,2007-03-21,18310,0,n/a,n/a,38541,0,31260,n/a,n/a,n/a,n/a,n/a,n/a,n/a,n/a,4373,n/a,
14-Mar-07,2007-03-14,17854,0,n/a,n/a,38547,0,31020,n/a,n/a,n/a,n/a,n/a,n/a,n/a,n/a,4417,n/a,
07-Mar-07,2007-03-07,16129,1900,n/a,n/a,38481,0,30700,n/a,n/a,n/a,n/a,n/a,n/a,n/a,n/a,3364,n/a,
28-Feb-07,2007-02-28,17669,0,n/a,n/a,38449,0,30300,n/a,n/a,n/a,n/a,n/a,n/a,n/a,n/a,3328,n/a,
21-Feb-07,2007-02-21,17716,0,n/a,n/a,38214,0,30110,n/a,n/a,n/a,n/a,n/a,n/a,n/a,n/a,3314,n/a,
14-Feb-07,2007-02-14,17955,0,n/a,n/a,38067,0,30230,n/a,n/a,n/a,n/a,n/a,n/a,n/a,n/a,3293,n/a,
07-Feb-07,2007-02-07,17343,848,n/a,n/a,37967,0,30750,n/a,n/a,n/a,n/a,n/a,n/a,n/a,n/a,3255,n/a,
31-Jan-07,2007-01-31,17255,0,n/a,n/a,38159,0,30420,n/a,n/a,n/a,n/a,n/a,n/a,n/a,n/a,3260,n/a,
24-Jan-07,2007-01-24,18219,0,n/a,n/a,38066,0,30530,n/a,n/a,n/a,n/a,n/a,n/a,n/a,n/a,4685,n/a,
17-Jan-07,2007-01-17,18437,0,n/a,n/a,38465,0,31110,n/a,n/a,n/a,n/a,n/a,n/a,n/a,n/a,4666,n/a,
10-Jan-07,2007-01-10,19589,1416,n/a,n/a,39060,0,34370,n/a,n/a,n/a,n/a,n/a,n/a,n/a,n/a,4753,n/a,
03-Jan-07,2007-01-03,20324,0,n/a,n/a,41104,0,36010,n/a,n/a,n/a,n/a,n/a,n/a,n/a,n/a,4795,n/a,
27-Dec-06,2006-12-27,20132,0,n/a,n/a,42203,0,36510,n/a,n/a,n/a,n/a,n/a,n/a,n/a,n/a,4759,n/a,
20-Dec-06,2006-12-20,20371,0,n/a,n/a,41366,0,36080,n/a,n/a,n/a,n/a,n/a,n/a,n/a,n/a,4758,n/a,
13-Dec-06,2006-12-13,20591,0,n/a,n/a,40062,0,34700,n/a,n/a,n/a,n/a,n/a,n/a,n/a,n/a,4767,n/a,
06-Dec-06,2006-12-06,19725,0,n/a,n/a,39821,1480,31940,n/a,n/a,n/a,n/a,n/a,n/a,n/a,n/a,4795,n/a,
29-Nov-06,2006-11-29,18562,0,n/a,n/a,39415,0,31540,n/a,n/a,n/a,n/a,n/a,n/a,n/a,n/a,4783,n/a,
22-Nov-06,2006-11-22,17304,0,n/a,n/a,39052,0,30130,n/a,n/a,n/a,n/a,n/a,n/a,n/a,n/a,4788,n/a,
15-Nov-06,2006-11-15,19336,0,n/a,n/a,38686,0,31560,n/a,n/a,n/a,n/a,n/a,n/a,n/a,n/a,4802,n/a,
08-Nov-06,2006-11-08,15966,2392,n/a,n/a,38700,0,31240,n/a,n/a,n/a,n/a,n/a,n/a,n/a,n/a,4741,n/a,
01-Nov-06,2006-11-01,17322,0,n/a,n/a,38844,0,30760,n/a,n/a,n/a,n/a,n/a,n/a,n/a,n/a,4734,n/a,
25-Oct-06,2006-10-25,17320,0,n/a,n/a,38568,0,30160,n/a,n/a,n/a,n/a,n/a,n/a,n/a,n/a,4737,n/a,
18-Oct-06,2006-10-18,17150,0,n/a,n/a,38427,0,29900,n/a,n/a,n/a,n/a,n/a,n/a,n/a,n/a,4735,n/a,
11-Oct-06,2006-10-11,17697,0,n/a,n/a,38509,0,30430,n/a,n/a,n/a,n/a,n/a,n/a,n/a,n/a,4973,n/a,
04-Oct-06,2006-10-04,22734,0,n/a,n/a,38538,4660,30800,n/a,n/a,n/a,n/a,n/a,n/a,n/a,n/a,4959,n/a,
27-Sep-06,2006-09-27,18103,0,n/a,n/a,38401,0,30800,n/a,n/a,n/a,n/a,n/a,n/a,n/a,n/a,4955,n/a,
20-Sep-06,2006-09-20,18376,0,n/a,n/a,38476,0,31110,n/a,n/a,n/a,n/a,n/a,n/a,n/a,n/a,4938,n/a,
13-Sep-06,2006-09-13,18445,0,n/a,n/a,38453,0,31650,n/a,n/a,n/a,n/a,n/a,n/a,n/a,n/a,5174,n/a,
06-Sep-06,2006-09-06,19680,0,n/a,n/a,38514,120,32960,n/a,n/a,n/a,n/a,n/a,n/a,n/a,n/a,5193,n/a,
30-Aug-06,2006-08-30,18986,0,n/a,n/a,39408,0,33250,n/a,n/a,n/a,n/a,n/a,n/a,n/a,n/a,5145,n/a,
23-Aug-06,2006-08-23,19096,0,n/a,n/a,38623,0,33220,n/a,n/a,n/a,n/a,n/a,n/a,n/a,n/a,5162,n/a,
16-Aug-06,2006-08-16,18748,0,n/a,n/a,38519,0,32230,n/a,n/a,n/a,n/a,n/a,n/a,n/a,n/a,5161,n/a,
09-Aug-06,2006-08-09,19432,0,n/a,n/a,38510,0,32350,n/a,n/a,n/a,n/a,n/a,n/a,n/a,n/a,5348,n/a,
02-Aug-06,2006-08-02,20610,0,n/a,n/a,38552,730,32740,n/a,n/a,n/a,n/a,n/a,n/a,n/a,n/a,5398,n/a,
26-Jul-06,2006-07-26,19873,0,n/a,n/a,38468,0,32730,n/a,n/a,n/a,n/a,n/a,n/a,n/a,n/a,5408,n/a,
19-Jul-06,2006-07-19,19175,0,n/a,n/a,38300,0,31820,n/a,n/a,n/a,n/a,n/a,n/a,n/a,n/a,5404,n/a,
12-Jul-06,2006-07-12,20451,0,n/a,n/a,38174,0,32500,n/a,n/a,n/a,n/a,n/a,n/a,n/a,n/a,6090,n/a,
05-Jul-06,2006-07-05,20536,0,n/a,n/a,38261,0,33500,n/a,n/a,n/a,n/a,n/a,n/a,n/a,n/a,6094,n/a,
28-Jun-06,2006-06-28,20689,0,n/a,n/a,38013,0,32940,n/a,n/a,n/a,n/a,n/a,n/a,n/a,n/a,6064,n/a,
21-Jun-06,2006-06-21,21507,0,n/a,n/a,37792,0,33370,n/a,n/a,n/a,n/a,n/a,n/a,n/a,n/a,6030,n/a,
14-Jun-06,2006-06-14,21260,0,n/a,n/a,37775,0,33430,n/a,n/a,n/a,n/a,n/a,n/a,n/a,n/a,6621,n/a,
07-Jun-06,2006-06-07,24901,0,n/a,n/a,37867,0,37300,n/a,n/a,n/a,n/a,n/a,n/a,n/a,n/a,6668,n/a,
31-May-06,2006-05-31,24414,0,n/a,n/a,38518,0,36880,n/a,n/a,n/a,n/a,n/a,n/a,n/a,n/a,6631,n/a,
24-May-06,2006-05-24,24402,0,n/a,n/a,37685,0,36490,n/a,n/a,n/a,n/a,n/a,n/a,n/a,n/a,6611,n/a,
